ID;Kitab;Matan
3;Musnad Syafi'i 3;"Apabila anjing minum dari wadah seseorang di antara kalian hendaklah ia mencucinya sebanyak tujuh kali."""
8;Musnad Syafi'i 8;"Wahai Rasulullah! Bagaimanakah menurutmu bila kain salah seorang dari kami terkena darah haid, apakah yang harus ia perbuat?"" Maka Nabi shallallahu 'alaihi wa sallam bersabda kepadanya: “Apabila kain salah seorang di antara kalian terkena darah haid, hendaklah ia menguceknya dengan air, kemudian mencipratinya dengan air, lalu ia boleh memakainya untuk shalat.""15"
10;Musnad Syafi'i 10;"Apakah engkau heran, hai anak perempuan saudaraku? Sesungguhnya Rasulullah shallallahu 'alaihi wa sallam pernah bersabda: 'Sesungguhnya kucing ini tidak najis, ia termasuk hewan jantan dan hewan betina yang jinak yang berada disekeliling kalian'."" 17"
13;Musnad Syafi'i 13;"Sesungguhnya para lelaki dan perempuan dahulu di zaman Nabi shallallahu 'alaihi wa sallam pernah berwdhu bersama-sama."" 20"
14;Musnad Syafi'i 14;"Aku pernah mandi bersama Nabi shallallahu 'alaihi wa sallam dari satu wadah."" 21"
17;Musnad Syafi'i 17;"Mengapa kalian tidak memanfaatkan kulitnya?"" Mereka menjawab: ""Wahai Rasulullah! Sesungguhnya kambing itu telah menjadi bangkai."" Nabi bersabda: ""Sesungguhnya yang diharamkan adalah memakannya."" 24"
20;Musnad Syafi'i 20;"Apabila kulit disamak, maka ia menjadi suci."" 27"
22;Musnad Syafi'i 22;"Orang yang minum dari perak tiada lain hanyalah menegukkan api neraka Jahanam ke dalam perutnya."" 29"
24;Musnad Syafi'i 24;"Apabila seseorang di antara kalian bangun dari tidurnya, hendaklah mencuci tangannya sebelum memasukkannya ke dalam air untuk wudhunya, karena sesungguhnya seseorang di antara kalian tidak mengetahui di mana semalam tangannya berada."" 31"
27;Musnad Syafi'i 27;"Ciuman seorang laki-laki kepada istrinya atau rabaan dengan tangannya termasuk dalam pengertian mulaamah (saling bersentuhan), maka barangsiapa yang mencium istrinya atau merabanya dengan tangan, wajib melakukan wudhu."" 34"
31;Musnad Syafi'i 31;"Karena sesungguhnya aku beristerikan putri Rasulullah shallallahu 'alaihi wa sallam, dan aku merasa malu bila bertanya langsung kepadanya.” Al Miqdad mengatakan: Lalu aku menanyakan hal tersebut kepada Nabi shallallahu 'alaihi wa sallam, beliau menjawab: ""Apabila seseorang dari kalian mengalami hal tersebut, hendaklah ia menciprati kemaluannya (dengan air) dan melakukan wudhu seperti wudhu untuk shalat."" 38"
32;Musnad Syafi'i 32;"Karena memegang dzakar wajib berwudhu."" Urwah menjawab, ""Aku tidak mengetahui hadis itu."" Marwan berkata, Busrah binti Shafwan menceritakan kepadaku bahwa ia mendengar Rasulullah shallallahu 'alaihi wa sallam bersabda: ""Apabila seseorang di antara kalian memegang kemaluannya, hendaklah ia berwudhu."" 39"
46;Musnad Syafi'i 46;"Dapatkah engkau memperagakan kepadaku cara berwudhu yang pernah dilakukan oleh Rasulullah?"" Abdullah bin Zaid menjawab, “Ya.” Maka ia meminta air wudhu, lalu menuangkannya pada kedua tangannya dan membasuhnya sebanyak 2 kali, kemudian berkumur dan ber-istinsyaq sebanyak 3 kali. Kemudian ia membasuh muka sebanyak 3 kali, lalu membasuh kedua lengan tangannya hingga kedua siku 2 kali. Kemudian ia mengusap kepala dengan tangannya sebanyak 3 kali, untuk itu ia mengusapkan kedua tangannya ke arah depan dan ke arah belakang (secara bolak-balik); dimulai dari bagian depan kepala, kemudian mengusapkan keduanya sampai ke tengkuknya dan mengembalikan keduanya ke tempat semula. Setelah itu, ia mencuci kedua kakinya.53"
58;Musnad Syafi'i 58;Wahai Rasulullah! Sesungguhnya Allah tidak malu menerangkan perkara yang hak, apakah wanita wajib mandi jika ia bermimpi mengeluarkan air mani?.” Nabi SAW menjawab, “Ya, bila ia melihat adanya air (mani).” 65
74;Musnad Syafi'i 74;"Beliau mengambil posisi dengan menjadikan sebuah tiang berada di setelah kirinya, sebuah tiang berada di setelah kanannya dan tiga buah tiang terada di telakangnya. lalu shalat."" Bilal melanjutkan kisahnya, yakni bahwa pada saat itu Baitullah (Ka'bah) tertopang pada 6 buah tiang.“'81"
75;Musnad Syafi'i 75;Dan kain yang dikenakan umamah adalah kain anak-anak.”82
76;Musnad Syafi'i 76;Jangan sekali-kali seseorang di antara kalian melaksanakan shalat dengan mengenakan sehelai kain, sedangkan pada pundaknya tidak terdapat satu kain pun.” 83
97;Musnad Syafi'i 97;"Jaraknya kurang lebih empat barid.""104"
103;Musnad Syafi'i 103;Apabila panas sangat terik, maka dinginkanlah shalat (Zhuhur), karena sesungguhnya panas yang sangat terik itu merupakan luapan neraka Jahanam.”110
105;Musnad Syafi'i 105;"Barangsiapa yang menjumpai satu rakaat dari shalat Subuh sebelum matahari terbit, berarti ia masih menjumpai waktu subuh. Dan barangsiapa yang menjumpai satu rakaat dari shalat Ashar sebelum matahari tenggelam, berarti ia masih menjumpai waktu ashar."" 112"
129;Musnad Syafi'i 129;Ingatlah, shalatlah kalian di dalam rumah-rumah kalian!”136
130;Musnad Syafi'i 130;Apabila kalian mendengar adzan, maka ucapkanlah seperti apa yang diucapkan oleh muadzin.”137
149;Musnad Syafi'i 149;Dan nabi SAW bersabda, 'Amin'.”
151;Musnad Syafi'i 151;Apabila seseorang di antara kalian mengucapkan 'Amin' dan para malaikat di langit mengucapkan 'Amin', lalu salah satunya bertepatan (berbarengan) dengan yang lainnya, maka Allah akan mengampuni baginya dosa-dosanya yang terdahulu.” 158
168;Musnad Syafi'i 168;"""Lakukanlah seperti apa yang telah dilakukan oleh Rasulullah .” Aku bertanya,. “Bagaimanakah cara yang pernah dilakukan oleh Rasulullah SAW?” Ibnu Umar menjawab, “Nabi  apabila duduk dalam shalat, beliau meletakkan telapak tangan kanan di atas paha kanannya dan menggenggam semua jarinya serta mengisyaratkan dengan jari telunjuk yang bersebelahan dengan jari jempol, dan meletakkan telapak tangan kiri di atas paha kirinya.”174"
214;Musnad Syafi'i 214;"""Demi Tuhan yang Jiwaku berada dalam genggaman kekuasaan-Nya, sesunggihnya aku berniat memerintahkan (mereka mencari) kayu, lalu kayu-kayu itu dikumpulkan. Kemudian aku memerintahkan agar adzan shalat diserukan, dan aku memerintahkan pula seorang lelaki untuk mengimami orang-orang. Kemudian aku pergi menuju orang-orang (yang tidak shalat berjamaah), maka aku akan membakar rumah-rumah mereka karenanya. Demi Tuhan yang jiwaku berada dalam genggaman kekuasaan-Nya, seandainya seseorang dari mereka mengetahui bahwa ia akan menjumpai tulang (dari ternak) yang gemuk atau sepasang kukunya yang besar, niscaya dia mau menghadiri (jamuan) makan malam.” 220"
217;Musnad Syafi'i 217;Shalat berjamaah seseorang di antara kalian lebih afdhal daripada shalat sendirian dengan perbedaan dua puluh lima bagian (pahala)”.223
249;Musnad Syafi'i 249;"""Maka aku berdiri pula dan melakukan hal yang sama seperti apa yang dilakukan beliau, lalu aku berdiri di samping beliau. Maka Rasulullah  meletakkan tangan kanannya di kepalaku dan menjewer telinga kananku. Kemudian beliau shalat 2 rakaat, lalu 2 rakaat lagi, lalu 2 rakaat lagi, lalu 2 rakaat lagi, lalu 2 rakaat lagi, kemudian shalat Witir. Sesudah itu beliau berbaring hingga muadzin datang, lalu shalat 2 rakaat yang ringan, kemudian keluar dan shalat Subuh.” 255"
360;Musnad Syafi'i 360;"Rasulullah  pernah melakukan shalat Shubuh secara berjamaah dengan kami pada saat perjanjian Hudaibiyah, saat itu langit masih dalam suasana malam, ketika selesai shalat beliau menghadap ke kalayak ramai dan bersabda, ""Apakah kalian tahu apa yang yang difirmankan oleh tuhan kalian?"" mereka menjawab, ""Allah dan Rasulnya yang paling tahu."" Ia berkata, beliau bersabda, ""Akan ada dari hamba-hambaku seorang yang mukmin dan seorang yang kafir, adapun orang yang mukmin berkata, 'Kami diberi hujan karena karunia Allah dan rahmat-Nya semata.' Sedangkan orang yang kafir berkata, 'Kami telah diberi hujan karena bintang ini adalah orang yang kufur terhadap Allah dan beriman kepada bintang'.” 366"
394;Musnad Syafi'i 394;"Tidak ada zakat pada ternak unta yang kurang dari 5 ekor.""399"
429;Musnad Syafi'i 429;"Aku tetapkan atas kalian seperti apa yang telah ditetapkan oleh Allah kepada kalian, yaitu bahwa buah kurma adalah milik bersama antara kami dan kalian.” Sa'id bin Musayyab melanjutkan kisahnya: Rasulullah mengutus Abdullah bin Rawahah, lalu ia melakukan penaksiran terhadap mereka. Setelah itu ia berkata, “Jika kalian suka, maka kalian boleh mengambilnya menurut ketentuan tersebut; dan jika kalian suka, maka kamilah yang akan mengadakan taksirannya.” Dan, ternyata mereka menerima apa yang ditaksir. 433"
452;Musnad Syafi'i 452;"Keluarkanlah olehmu zakat hartamu."" Maka tidak sekali-kali diserahkan kepadanya seekor kambing yang memenuhi syarat dari haknya, melainkan ia menerimanya. 456"
453;Musnad Syafi'i 453;Harta simpanan adalah harta yang tidak ditunaikan zakatnya.” 457
477;Musnad Syafi'i 477;Demi Allah, sesungguhnya aku benar-benar berharap agar aku menjadi orang yang paling takut kepada Allah di antara kalian dan yang paling mengetahui terhadap hal-hal yang harus aku hindari.” 481
480;Musnad Syafi'i 480;Batalnya adalah kerena jimak.
481;Musnad Syafi'i 481;"la menjawab, “Aku telah bersetubuh dengan istriku di bulan Ramadhan ketika aku sedang puasa (yakni di siang harinya).” Rasulullah SAW menjawab, “Apakah engkau mampu memerdekakan seorang budak?” Ia menjawab, “Tidak.” Nabi  bertanya, “Apakah engkau mampu mengurbankan seekor unta?” Ia menjawab, “Tidak.” Nabi  bersabda, “Duduklah."" Sa'id bin Musayyab melanjutkan kisahnya: Kemudian Nabi  menerima kiriman berupa sepikul kurma, lalu beliau bersabda, “Ambillah ini dan sedekahkanlah!” Lelaki itu menjawab, “Tidak ada seorang pun yang lebih miskin daripada aku.” Nabi  bersabda, “Kalau demikian, makanlah olehmu dan puasalah sebagai qadha dari hari yang engkau batalkan itu.” Atha mengatakan: Lalu aku bertanya kepada Sa'id , “Berapakah isi satu araq (satu pikul) itu? Sa id menjawab, “antara 15 sampai 20 sha'.' 485"
482;Musnad Syafi'i 482;"Jika kamu menginginkan puasa, puasalah; dan jika kamu menginginkan tidak puasa, maka berbukalah.”486"
537;Musnad Syafi'i 537;"Lalu aku mengucapkan salam"" kemudian ia berkata, ""Siapa ini?"" Kemudian aku mengatakan bahwa aku adalah Abdullah, aku ditus oleh Ibnu Abbas untuk datang kepadamu menanyakan bagaimana Rasulullah  menyiram kepalanya pada saat ihram, ia berkata, ""Kemudian Abu Ayub meletakkan kedua tangannya di atas kainnya, ia memangguk-manggukkan kepalanya hingga terlihat oleh kami, kemudian ia mengatakan kepada orang yang menyiraminya; Siramlah, lalu ia pun menyiram kepalanya, kemudian menggerak-gerakkan kepalanya dengan kedua tangannya ke depan dan kebelakangnya, kemudian ia bekata, ""Demikian yang aku lihat dari beliau .""539"
542;Musnad Syafi'i 542;"Orang yang berihram tidak boleh memakai baju gamis. tidak boleh memakai celana tidak boleh memakai serban tidak boleh memakai penutup kepala dan tidak boleh memakai khuf; kecuali bagi seseorang yang tidak menemukan sepasang sandal maka ia boleh memakai khuf tetapi hendaknya ia memotong keduanya hingga lebih rendah dari kedua mata kakinya”544"
616;Musnad Syafi'i 616;"Seandainya bukan karena kaummu masih baru meninggalkan kekafirannya, niscaya aku mengembalikannya seperti semula."" Ibnu Umar berkata, “Seandainya Aisyah   benar-benar mendengarnya dari Rasulullah , niscaya beliau tidak sekali-kali memperagakan padanya membiarkan kedua rukun yang mengiringi Hajar Aswad tidak diusap, melainkan karena Baitullah masih belum sempurna berdiri di atas fondasi Nabi Ibrahim 'Alaihis Salam."" 616"
661;Musnad Syafi'i 660;Asy-Syafi'i berkata, “Aku menerimanya dari Imam Malik  dalam keadaan benar tanpa ragu. Kemudian setelah masa berlalu, aku tidak hafal lagi hingga aku ragu apakah khaazinii atau khaazinatii. Sedangkan selain aku mengatakan khaazinii.” 661
693;Musnad Syafi'i 693;"Bila telah tampak merah, ” Rasulullah SAW bersabda pula, ""Bagaimanakah menurut kalian bila Allah mencegah masaknya buah itu? Maka, dengan alasan apakah seseorang dari kalian mengambil harta saudaranya?”"
765;Musnad Syafi'i 765;"Sementara Nabi  sendiri tetap berpuasa. Abu Bakar (yakni Ibnu Abdurrahman) mengatakan bahwa orang yang menceritakan hadis ini kepadanya berkata, ""Sesungguhnya aku melihat Nabi  di Al 'Arj menuangkan air di atas kepalanya karena kehausan atau kepanasan. Kemudian dikatakan, 'Wahai Rasulullah, sesungguhnya segolongan orang masih tetap berpuasa ketika melihat engkau berpuasa'. Ketika Rasulullah  sampai di Kadid, beliau memerintahkan agar diberi sebuah wadah (berisi air), lalu beliau minum, kemudian orang-orang pun ikut berbuka.""13"
770;Musnad Syafi'i 770;"Sungguh memberatkan diriku perselisihan yang ada di antara sahabat Muhammad  mengenai suatu perkara yang aku merasa berat mengemukakannya kepadamu."" Aisyah bertanya, ""Perkara apakah itu? Pertanyaan apapun yang akan kamu ajukan kepada ibumu, maka ajukanlah pertanyaan itu kepadaku."" Abu Musa berkata kepadanya, ""Seorang lelaki menggauli istrinya, lalu ia mencabut (kemaluan)nya tanpa mengeluarkan air mani."" Aisyah menjawab, ""Apabila suatu khitan melampaui khitan yang lain, maka mandi merupakan suatu kewajiban."" Abu Musa berkata, ""Aku tidak akan bertanya lagi kepada seorang pun sesudahmu —tentang masalah ini—.""18"
794;Musnad Syafi'i 794;"Abdullah bin Abu Bakar berkata, “Lalu aku menceritakan hal tersebut kepada Amrah, maka ia berkata, 'Engkau benar, aku pernah mendengar Aisyah  menceritakan bahwa orang-orang dari kalangan penduduk badiyah (perkampungan) datang pada hari raya Kurban di zaman Rasulullah , maka beliau bersabda, “Simpanlah oleh kalian untuk 3 hari, dan sedekahkanlah sisanya' Aisyah melanjutkan kisahnya: Maka setelah peristiwa itu ada yang berkata, 'Wahai Rasulullah, sesungguhnya orang-orang memanfaatkan hewan-hewan kurbannya, mereka mencairkan lemaknya untuk minyak dan mengambil kulitnya untuk tempat-tempat air (minum)'. Rasulullah  bertanya, 'Lalu mengapa?' Atau semakna dengan apa yang beliau sabdakan. Mereka menjawab, 'Wahai Rasulullah, engkau telah melarang memakan daging hewan kurban sesudah 3 hari'. Rasulullah  bersabda, 'Sesungguhnya aku melarang kalian hanya demi tamu yang tiba di hari raya Kurban, maka makanlah, simpanlah dan bersedekahlah'. ""42"
795;Musnad Syafi'i 795;"Bagaimanakah menurut kalian perihal orang yang minum (khamer), orang yang berzina dan orang yang mencuri?"" Yang demikian itu terjadi sebelum Allah  menurunkan hukum-hukum had. Mereka menjawab, ""Allah dan Rasul-Nya lebih mengetahui."" Maka Rasulullah bersabda, ""Semua itu merupakan perbuatan keji, pelakunya mendapat hukuman, dan pencuri yang paling jahat ialah orang yang mencuri shalatnya."" Kemudian ia melanjutkan hadis hingga selesai. 43"
798;Musnad Syafi'i 798;"Aku benar-benar akan memutuskan di antara kamu berdua dengan Kitab [Allah]."" Maka beliau mendera anak lelaki itu sebanyak 100 kali dan mengasingkannya selama setahun. [Lalu beliau memerintahkan kepada] Anis untuk pergi menemui istri lelaki yang lain. Jika ia mengaku, maka rajamlah ia. Lalu ia mengaku, maka beliau merajamnya. 46"
806;Musnad Syafi'i 806;"Janganlah seseorang di antara kalian bersikeras untuk melakukan shalat di saat matahari terbit dan di kala tenggelam""54"
807;Musnad Syafi'i 807;"Sesungguhnya matahari itu terbit dibarengi tanduk syetan. Apabila matahari meninggi, maka ia ditinggalkannya. Apabila berada di tengah langit, ia menyertainya; tetapi apabila telah tergelincir dari tengah langit, ditinggalkannya. Apabila matahari mulai tenggelam, ia menemaninya; tetapi apabila telah tenggelam, maka ia meninggalkannya."" Rasulullah  melarang melakukan shalat di waktu-waktu tersebut. 55"
808;Musnad Syafi'i 808;"Barangsiapa lupa akan shalatnya, hendaklah ia mengerjakannya apabila ingat kepadanya, karena sesungguhnya Allah  berfirman, 'Dirikanlah shalat untuk mengingat-Ku'."" (Q.S. Thaahaa [20]: 14)56"
815;Musnad Syafi'i 815;"Aku tidak memakannya dan tidak pula mengharamkannya. "" 63"
817;Musnad Syafi'i 817;"Aku ragu, apakah yang demikian dikatakan dari Ibnu Abbas, dari Khalid bin Walid, atau dari Ibnu Abbas dan Khalid bin Al Walid: Keduanya masuk ke dalam rumah Maimunah bersama Nabi , kemudian dihidangkan seekor biawak panggang, lalu Rasulullah mengulurkan tangannya, tetapi salah seorang dari kaum wanita yang ada di rumah Maimunah berkata kepadanya, ""Sebaiknya kita beritahukan kepada Rasulullah  daging apa yang akan dimakannya itu."" Mereka berkata, ""Wahai Rasulullah! Makanan itu adalah daging biawak."" Maka Rasulullah  menarik kembali tangannya, dan aku bertanya, ""Apakah biawak haram?"" Rasulullah  menjawab, ""Tidak, tetapi ia tidak ada di tanah kaumku. Karena itu, aku enggan memakannya."" Khalid berkata, ""Lalu aku menarik hidangan itu dan memakannya, sedangkan Rasulullah  melihat saja."" 65"
826;Musnad Syafi'i 826;"Tidak halal bagi wanita yang beriman kepada Allah dan hari kemudian melakukan perjalanan selama sehari semalam kecuali bersama mahramnya.""74"
828;Musnad Syafi'i 828;"Sesungguhnya aku benar-benar pernah mempunyai utang puasa bulan Ramadhan, maka aku tidak mampu membayarnya sebelum datang bulan Sya'ban."" 76"
830;Musnad Syafi'i 830;"Mandi hari Jumat wajib atas setiap orang yang baligh."" 78"
832;Musnad Syafi'i 832;"Janda lebih berhak terhadap dirinya daripada walinya, sedangkan perawan dimintai persetujuan untuk dirinya, dan petanda setujunya adalah diamnya.""80"
839;Musnad Syafi'i 839;"Janganlah sebagian dari kalian melakukan transaksi jual-beli di atas transaksi sebagian yang lainnya ""87"
840;Musnad Syafi'i 840;"Janganlah sebagian kalian melakukan transaksi jual-beli di atas transaksi jual-beli sebagian yang lain."" 88"
843;Musnad Syafi'i 843;"Janganlah orang kota menjual kepada orang kampung (pedalaman).""91"
845;Musnad Syafi'i 845;"Janganlah kalian mencegat barang dagangan."" 93"
848;Musnad Syafi'i 848;"Sesungguhnya aku telah mengadakan peijanjian kitabah (mencicil untuk membebaskan diri dari tuannya) dengan tuanku dengan pembayaran 9 uqiyah uang perak setiap tahunnya. Maka bantulah aku (melunasinya)."" Aisyah berkata kepadanya, ""Jika tuanmu suka aku membayarkannya kepada mereka, niscaya akan kubayarkan, dan kelak wala'-mu adalah untukku, hal ini pasti akan kulakukan."" Maka Barirah pergi menemui tuannya, lalu mengatakan hal tersebut kepada mereka, tetapi mereka menolaknya. Barirah datang dari rumah tuannya, sedangkan Rasulullah  duduk, lalu Barirah berkata, ""Sesungguhnya aku menawarkan hal itu kepada tuanku, tetapi mereka menolak melainkan wala' tetap ingin berada pada mereka."" Hal tersebut terdengar oleh Rasulullah , maka beliau bertanya kepada Aisyah  tentang duduk perkaranya, dan Aisyah menceritakan hal tersebut kepada beliau. Kemudian Rasulullah  bersabda kepadanya, ""Ambillah ia dan syaratkanlah wala' bagi mereka, karena sesungguhnya hak wala itu hanya bagi orang yang memerdekakan"" Maka, Aisyah  melakukan hal tersebut. Kemudian Rasulullah berdiri di hadapan orang-orang, lalu memuji kepada Allah dan menyanjung-Nya, kemudian bersabda, ""Amma ba'du, apakah gerangan yang dilakukan oleh kaum lelaki, mereka menetapkan syarat yang tidak terdapat di dalam Kitabullah? Setiap syarat yang tidak terdapat di dalam Kitabullah, maka syarat itu batal, sekalipun terdiri atas seratus syarat. Keputusan Allah lebih berhak dan syarat-Nya lebih kuat, sesungguhnya wala itu hanya bagi orang yang memerdekakan.96"
864;Musnad Syafi'i 864;"Sesungguhnya matahari dan bulan merupakan 2 tanda di antara tanda-tanda kekuasaan Allah , keduanya tidak mengalami gerhana karena matinya seseorang dan tidak pula karena hidupnya. Karena itu, apabila kalian melihat hal tersebut, bersegeralah kalian berdzikir kepada Allah . ""112"
869;Musnad Syafi'i 869;"Wahai Rasulullah, sesungguhnya pada suatu pagi pernah dalam keadaan junub, sedangkan aku bermaksud untuk puasa, maka aku mandi dan puasa pada hari itu"". Rasulullah  menjawab, ""Aku pun pernah pada pagi hari dalam keadaan junub, sedangkan aku ingin untuk berpuasa, maka aku mandi dan puasa di hari itu. ""117"
870;Musnad Syafi'i 870;"Barangsiapa yang berada pada pagi hari dalam keadaan junub, berarti batal puasanya pada hari itu."" Lalu Marwan berkata, ""Aku bersumpah kepadamu, hai Abdurrahman, engkau harus pergi kepada Ummul Mukminin, Aisyah dan Ummu Salamah, dan kamu harus menanyakan kepada keduanya masalah ini."" Abu Bakar melanjutkan kisahnya: Abdurrahman segera pergi dan ikut bersamanya hingga masuk ke dalam rumah Aisyah . Abdurrahman mengucapkan salam kepadanya, lalu berkata, ""Hai Ummul Mukminin, sesungguhnya kami bertemu dengan Marwan, lalu kami ceritakan kepadanya bahwa Abu Hurairah pernah berkata, 'Barangsiapa yang berada pada pagi hari dalam keadaan junub, berarti puasanya di hari itu batal'."" Aisyah menjawab, ""Masalahnya tidak seperti apa yang dikatakan oleh Abu Hurairah, hai Abdurrahman! Apakah engkau tidak suka dengan apa yang pernah dilakukan oleh Rasulullah  ?"" Abdurrahman menjawab, ""Tidak, demi Allah, hai Aisyah!"" Aisyah berkata, ""Aku pernah menyaksikan Rasulullah  benar-benar mengalami jinabah di suatu pagi hari karena jimak, bukan karena mimpi junub; kemudian beliau melakukan puasa di hari itu."" Abu Bakar melanjutkan kembali kisahnya: Setelah itu kami keluar, lalu masuk ke rumah Ummu Salamah  dan menanyakan masalah itu kepadanya. Maka Ummu Salamah mengatakan hal yang sama seperti apa yang telah dikatakan oleh Aisyah. Lalu kami keluar hingga sampai di tempat Marwan. Abdurrahman berkata seperti apa yang dikatakan oleh Aisyah dan Ummu Salamah, serta menceritakan hal tersebut kepadanya. Maka Marwan berkata, ""Aku bersumpah kepadamu, hai Abu Muhammad, engkau harus menaiki kendaraanku yang ada di depan pintu untuk mendatangi Abu Hurairah dan ceritakan kepadanya hal tersebut."" Lalu Abdurrahman berangkat dengan menaiki kendaraannya, dan aku ikut bersamanya hingga bertemu Abu Hurairah. Abdurrahman berbicara sesaat dengannya, kemudian diceritakan kepadanya hal tersebut, maka Abu Hurairah berkata, ""Aku tidak mengetahui hal tersebut, sesungguhnya aku hanya mendapat berita dari seseorang yang menceritakan kepadaku,"" 118"
876;Musnad Syafi'i 876;"Orang yang berihram tidak boleh menikah, tidak boleh menikahkan, dan tidak boleh pula melamar.""124"
881;Musnad Syafi'i 881;"Dinar harus dengan dinar, dan dirham harus dengan dirham, tidak boleh ada yang lebih di antara keduanya.""129"
882;Musnad Syafi'i 882;"Janganlah kalian menjual emas dengan emas kecuali semisal dengan semisal dan janganlah kalian menambahi salah satu atas yang lainnya Janganlah kalian menjual perak dengan perak kecuali semisal dengan semisal secara serah-terima, dan janganlah kalian menambahi salah satu atas yang lainnya. Dan, janganlah menjual salah satunya yang belum ada di tangan dengan pembayaran kontan ""130"
884;Musnad Syafi'i 884;"Syuf'ah menyangkut berang yang beliau dibagi Apabila telah ada batasan-batasannya, maka tidak ada syuf'ah lagi"" 132"
891;Musnad Syafi'i 891;"Apakah kamu duduk untuk menunaikan hajatmu? Janganlah kamu menghadap ke arah kiblat dan jangan pula ke arah Baitul Maqdis."" Abdullah bin Umar  melanjutkan kisahnya: Aku pernah naik ke atas sebuah rumah milik kami, maka aku melihat Rasulullah  sedang duduk di atas 2 buah batu bata menunaikan hajatnya dengan menghadap ke arah Baitul Maqdis. 139"
895;Musnad Syafi'i 895;"Wahai Rasulullah, apakah shalat diperpendek atau engkau lupa?"" Rasulullah  bertanya, ""Benarkah apa yang dikatakan oleh Dzul Yadain ini?"" Orang-orang menjawab, ""Ya."" Maka Rasulullah  bangkit, lalu shalat 2 rakaat lagi, kemudian salam, setelah itu bertakbir dan melakukan sujud biasa atau lebih lama. Sesudah itu beliau mengangkat —kepalanya dari sujud dan duduk—, kemudian bertakbir dan sujud lagi seperti sujud biasa atau lebih lama, setelah itu beliau mengangkat —kepalanya dari sujud—.143"
896;Musnad Syafi'i 896;"Rasulullah   menghadapkan wajahnya ke arah orang-orang dan bertanya, ""Benarkah Dzul Yadain ini?"" Mereka menjawab, ""Ya."" Lalu Rasulullah  menyempurnakan rakaat yang tersisa dari shalatnya kemudian beliau sujud dalam keadaan duduk sesudah salam. 144"
901;Musnad Syafi'i 901;"Sesungguhnya kami tidak sekali-kali mengembalikannya kepadamu} melainkan karena kami sedang ihram.""149"
902;Musnad Syafi'i 902;"Sesungguhnya keledai liar tersebut merupakan hidangan yang disuguhkan Allah Ta'ala untuk kalian.""150"
907;Musnad Syafi'i 907;"Janganlah seseorang di antara kalian melamar wanita yang telah dilamar oleh saudaranya.""155"
909;Musnad Syafi'i 909;"Apabila engkau telah menghabiskan masa iddahmu, maka beritahukanlah kepadaku."" Ia melanjutkan kisahnya: Ketika aku telah lepas dari iddahku, maka kuberitahukan kepadanya bahwa Muawiyah dan Abu Jahm telah melamarku. Lalu beliau bersabda, ""Muawiyah orang miskin, tidak berharta; sedangkan Abu Jahm tidak pernah meletakkan tongkat dari pundaknya. Nikahlah dengan Usamah bin Zaid."" Maka Fatimah binti Qais dikawinkan dengannya, kemudian Allah menjadikan kebaikan pada diri Usamah, dan ia hidup dengan penuh kebahagiaan.157"
922;Musnad Syafi'i 922;"Janganlah kalian tidak memeras susu unta dan kambing agar terlihat subur. Jika seseorang membelinya sesudah itu, maka si pembeli boleh memilih satu dari dua pilihan setelah memerahnya, yaitu: Jika ia suka, boleh tetap memegangnya; atau boleh mengembalikannya berikut satu sha' buah kurma."",.170"
924;Musnad Syafi'i 924;"Barangsiapa yang menjual makanan, janganlah ia menjualnya hingga sesuai dengan timbangan dan takaran.""172"
925;Musnad Syafi'i 925;"Barangsiapa yang menjual makanan, janganlah ia menjualnya sebelum makanan ada di tangannya.""173"
941;Musnad Syafi'i 941;"Demi Allah, aku tidak akan memberikan tempat kepadamu, dan kamu tidak akan halal selama-lamanya."" Maka Allah  menurunkan firman-Nya, ""Thalak yang boleh dirujuk itu adalah dua kali. Setelah itu boleh rujuk lagi dengan cara yang makruf atau menceraikan dengan cara yang baik"" (Qs. Al Baqarah [2]: 229) Maka orang-orang menerima ketentuan thalak yang baru. Di antara mereka yang telah menceraikan istrinya, maka mereka menceraikannya; dan ada pula di antara mereka yang tidak menceraikannya (yakni: Rujuk kembali). 189"
957;Musnad Syafi'i 957;"Wahai Rasulullah! Apakah yang dilakukan oleh orang-orang itu, mereka bertahallul setelah umrah, sedangkan engkau sendiri tidak bertahallul dari umrahmu?"" Nabi  menjawab, ""Sesungguhnya aku telah meminyaki rambutku dan menandai hadyu-ku, maka aku tidak akan bertahallul sebelum menyembelihnya.""205"
974;Musnad Syafi'i 974;"Wahai Rasulullah, bagaimanakah menurutmu jika aku menemukan istriku bersama seorang lelaki, apakah aku menangguhkannya hingga aku mendatangkan 4 orang saksi?"" Rasulullah SAW bersabda, ""Ya""222"
979;Musnad Syafi'i 979;"Sediakanlah untukku di Qadid 120 ekor unta bila aku tiba di tempatmu."" Ketika Umar  tiba, maka ia mengambil dari ternak unta itu 30 ekor unta hiqqah, 30 ekor unta jadz'ah, dan 40 ekor unta hilfah. Kemudian berkatalah saudara lelaki si terbunuh, ""Inilah aku."" Umar berkata, ""Ambillah, karena sesungguhnya Rasulullah telah bersabda, 'Bahwa si pembunuh tidak mendapat apa-apa'. 227"
989;Musnad Syafi'i 989;"Ibnu Syihab berkata, “Adapun Usyaim membunuh bersalah."" 237"
996;Musnad Syafi'i 996;"Kami mau menjualnya kepadamu dengan syarat wala'nya tetap bagi kami."" Lalu Aisyah menceritakan hal tersebut kepada Rasulullah , maka beliau bersabda, ""Hal tersebut tidaklah mencegahmu, karena sesungguhnya hak wala itu hanya bagi orang yang memerdekakan.244"
998;Musnad Syafi'i 998;"Sesungguhnya aku telah melakukan perjanjian kitabah dengan tuanku dengan pembayaran 9 uqiyah tiap tahunnya pada tiap tahun 1 uqiyah, maka bantulah aku."" Aisyah  berkata kepadanya, ""Jika tuanmu suka bila aku yang membayarkannya kepada mereka, tetapi dengan syarat wala'-mu adalah untukku, niscaya akan aku melakukan."" Lalu Barirah pergi menemui tuannya. Saat itu Rasulullah  sedang duduk, lalu Barirah (sekembalinya dari mereka) berkata, ""Sesungguhnya aku telah menawarkan hal tersebut kepada mereka, tetapi mereka menolak kecuali bila wala (ku) tetap bagi mereka."" Maka hal tersebut terdengar oleh Rasulullah dan beliau bertanya kepada Aisyah, maka Aisyah  menceritakan hal tersebut kepada beliau. Lalu Rasulullah  bersabda, ""Ambillah dia dan syaratkanlah wala buat mereka, karena sesungguhnya wala itu hanya bagi orang yang memerdekakan. Maka, Aisyah  melakukan hal tersebut. Kemudian Rasulullah  berdiri di hadapan orang-orang, lalu memuji kepada Allah dan menyanjung-Nya, kemudian bersabda, ""Amma ba'du, apakah gerangan yang dilakukan oleh kaum lelaki, mereka menetapkan syarat yang tidak terdapat di dalam Kitabullah? Setiap syarat yang tidak terdapat di dalam Kitabullah, maka syarat itu batal, sekalipun terdiri atas seratus syarat. Keputusan Allah lebih berhak dan syarat-Nya lebih kuat, sesungguhnya wala' itu hanya bagi orang yang memerdekakan""246"
999;Musnad Syafi'i 999;"Aku telah memperoleh harta dan hak wala' para mawali sebagaimana bapakku mendapatkannya,"", lalu berkatalah saudaranya yang tidak mendapat bagian, ""Sesungguhnya kamu hanya memperoleh harta, sedangkan hak wala para mawali menurutku bukan untukmu. Seandainya saudaraku mati hari ini, bukankah aku orang yang akan mewarisinya?"" Keduanya bersengketa dan mengadukan perkaranya kepada Utsman , maka ia memutuskan perkara itu bagi kemenangan saudaranya yang memperoleh hak wala para mawali. 247"
1012;Musnad Syafi'i 1012;"Aku tidak tahu apa yang harus aku lakukan terhadap perkara mereka."" Maka Abdurrahman bin Auf berkata kepadanya, ""Aku bersumpah bahwa aku benar-benar pernah mendengar Rasulullah  bersabda, 'Perlakukanlah mereka dengan perlakuan yang sama dengan ahli kitab""260"
1019;Musnad Syafi'i 1019;"Ketika masih anak-anak, aku sering bersama Abdullah bin Utbah di pasar Madinah pada masa pemerintahan Umar bin Khaththab, maka ia memungut (zakat) dari orang-orang Nabath sebanyak sepersepuluh."" 267"
1020;Musnad Syafi'i 1020;"Apabila panas sangat terik, maka tunggulah shalat hingga cuaca dingin, karena sesungguhnya panas yang sangat terik itu merupakan luapan neraka Jahanam.""268"
1022;Musnad Syafi'i 1022;"Sesungguhnya imam itu dijadikan hanya untuk diikuti. Apabila ia ruku, maka rukulah kalian; apabila ia mengangkat kepala dari ruku, maka angkatlah kepala kalian; dan apabila ia shalat sambil duduk, maka shalatlah kalian semua sambil duduk.""270"
1026;Musnad Syafi'i 1026;"kami telah mencatat hadis Sufyan dari Az-Zuhri mengenai hal yang semisal dengan hadis ini sebelumnya."" 274"
1028;Musnad Syafi'i 1028;"Apabila imam mengucapkan amin, maka ucapkan amin pula oleh kalian, karena sesungguhnya barangsiapa yang bacaan amin-nya berbarengan dengan bacaan amin para malaikat, maka diampuni baginya dosa-dosanya yang terdahulu."" Ibnu Syihab mengatakan bahwa Nabi  selalu mengucapkan amin. 276"
1032;Musnad Syafi'i 1032;"Shalat malam hari (shalatul-lail) adalah dua rakaat-dua rakaat. Apabila seseorang di antara kalian merasa khawatir terhadap waktu Subuh hendaklah ia shalat 1 rakaat untuk mewitirkan semua shalat yang telah dikerjakannya ""280"
1039;Musnad Syafi'i 1039;"Nabi  sering membaca: Hal ataaka hadiitsul ghaasyiyah.""287"
1040;Musnad Syafi'i 1040;"Beliau membaca surah Qaaf wal quraanil majiid, dan surah Iqtarabayis-saa'ah wansyaqqal qamar"".288"
1041;Musnad Syafi'i 1041;"Rasulullah  pernah shalat Zhuhur dan Ashar serta Maghrib dan Isya secara jamak bukan dalam keadaan khauf, bukan pula dalam keadaan bepergian."" Malik berkata, ""Aku berpendapat bahwa hal tersebut saat dalam keadaan hujan."" 289"
1042;Musnad Syafi'i 1042;"Apakah yang mencegahmu untuk shalat bersama orang-orang bukankah engkau lelaki muslim?"" Mihjan menjawab, ""Memang benar, wahai Rasulullah, tetapi aku telah shalat bersama keluargaku."" Maka beliau bersabda, ""Sekarang kamu telah datang, maka shalatlah lagi bersama orang-orang, sekalipun kamu telah shalat.""290"
1044;Musnad Syafi'i 1044;"Aku pernah mendengar Rasulullah  membaca surah Ath-Thur dalam shalat Maghrib."" 292"
1045;Musnad Syafi'i 1045;"Hai anakku, sesungguhnya engkau telah mengingatkanku melalui bacaan surah ini bahwa sesungguhnya surah ini merupakan surah terakhir yang aku dengar Rasulullah  membacanya dalam shalat Maghrib."" 293"
1046;Musnad Syafi'i 1046;(Qs. Aali Imran [3]:8)294
1049;Musnad Syafi'i 1049;"Kalau demikian, demi Allah, berarti ia baru selesai di saat matahari akan terbit."" Ia (Abdullah bin Amir) menjawab, ""Benar."" 297"
1050;Musnad Syafi'i 1050;"Tidak sekali-kali aku menerima (hafal) surah Yuusuf melainkan hanya dari bacaan yang dilakukan oleh Utsman bin Affan dalam shalat Subuh, karena ia sering mengulangi bacaan surah ini."" 298"
1051;Musnad Syafi'i 1051;"Hendaklah ia memperhatikan bilangan hari-hari yang biasa ia haid setiap bulannya sebelum ia mengalami hal tersebut. Kemudian hendaklah ia meninggalkan shalat selama masa tersebut setiap bulannya. Apabila masa itu telah lewat, hendaklah ia mandi dan memakai penyumbat kain, lalu melaksanakan shalat.""299"
1052;Musnad Syafi'i 1052;"Rasulullah  mengumumkan belasungkawa kepada orang-orang atas kematian Raja Najasy di hari kematiannya, lalu beliau membawa mereka keluar menuju tempat shalat, kemudian beliau mengatur shaf mereka dan bertakbir sebanyak 4 kali takbir."" 300"
1054;Musnad Syafi'i 1054;"Sesungguhnya ayahku kini telah berusia lanjut dan tidak mampu lagi melakukan haji, bolehkah aku menghajikannya sebagai ganti darinya?"" Rasulullah  menjawab, ""Ya.""302"
1058;Musnad Syafi'i 1058;"Ada 5 jenis hewan yang tidak ada dosa atas seorang muslim yang sedang ihram bila membunuhnya, yaitu: kalajengking, burung gagak burung elang, tikus dan anjing gila.""306"
1059;Musnad Syafi'i 1059;"Wahai Rasulullah , aku tidak mengerti, bagaimana seandainya aku bercukur sebelum aku menyembelih kurban?"" Beliau menjawab, ""Sembelihlah, tidak mengapa."" Datang lagi lelaki lain, lalu bertanya, ""Aku tidak mengerti, bagaimana seandainya aku menyembelih kurban sebelum melempar jumrah, wahai Rasulullah?"" Beliau menjawab, ""Lemparlah jumrah, tidak mengapa."" Perawi melanjutkan kisahnya: Tidak sekali-kali Rasulullah  ditanya mengenai sesuatu yang didahulukan atau yang diakhirkan melainkan beliau menjawab, “Kerjakanlah, tidak mengapa.""307"
1060;Musnad Syafi'i 1060;"Kami menyembelih (kurban) bersama Rasulullah  pada tahun Hudaibiyah, seekor unta untuk 7 orang dan seekor sapi untuk 7 orang."" 308"
1062;Musnad Syafi'i 1062;"Tidak ada yang melakukan hal tersebut selain orang yang tidak mengetahui hukum Allah ."" Maka Sa'd menjawab, ""Hai anak saudaraku, alangkah buruknya apa yang kamu katakan itu."" Adh-Dhahak berkata, ""Sesungguhnya Umar telah melarang hal itu."" Sa'd menjawab, ""Sesungguhnya Rasulullah  telah melakukan hal tersebut, dan kami pun melakukan hal yang sama mengikut beliau."" 310"
1063;Musnad Syafi'i 1063;"Kami berangkat bersama Nabi  pada tahun haji wada'. Di antara kami ada orang yang berihram untuk haji, di antara kami ada yang berihram untuk umrah, dan di antara kami ada pula yang berihram untuk haji dan umrah (sekaligus), sedangkan aku termasuk orang yang berihram untuk umrah."" 311"
1064;Musnad Syafi'i 1064;"Sesungguhnya bila aku melakukan umrah sebelum haji, lalu menyembelih hadyu (hewan kurban) itu lebih aku sukai daripada aku melakukan umrah sesudah haji dalam bulan Dzulhijjah."" 312"
1065;Musnad Syafi'i 1065;"Barangsiapa yang diberi secara 'umra. maka pemberian itu adalah miliknya dan milik anak-anaknya (setelah ia tiada). Sesungguhnya hadiah itu adalah milik orang yang diberi dan tidak dapat kembali kepada orang yang memberinya, mengingat ia telah memberikan suatu pemberian yang jatuh padanya hukum waris.""313"
1071;Musnad Syafi'i 1071;"Antara Islamnya Shafwan dan istrinya terdapat jarak waktu kurang lebih sebulan."" 319"
1072;Musnad Syafi'i 1072;"Janganlah kalian menjual emas dengan emas kecuali sepadan dengan yang sepadan, dan janganlah kalian melebihkan salah satunya atas yang lain. Janganlah kalian menjual perak dengan perak kecuali sepadan dengan yang sepadan, dan janganlah kalian melebihkan sebagian atas sebagian yang lainnya."" 320"
1073;Musnad Syafi'i 1073;"Bahwa dua orang yang bertransaksi jual beli masing-masing pihak boleh memilih terhadap temannya selagi keduanya belum berpisah, kecuali transaksi secara khiyar.""321 Asy-Syafi'i berkata, "" Dan Ibnu Umar  yang mendengar dari Nabi  bahwa apabila beliau membeli sesuatu yang disukainya untuk beliau jadikan, maka beliau berpisah dari si penjual, lalu beijalan sedikit, sesudah itu beliau kembali lagi."""
1076;Musnad Syafi'i 1076;"Sesungguhnya dimakruhkan menjual anjing yang buas dan yang tidak buas hanya karena Nabi  telah melarang dari harga anjing."""
1077;Musnad Syafi'i 1077;"Janda lebih berhak terhadap dirinya daripada walinya, sedangkan perawan dimintai persetujuan untuk dirinya, dan pertanda setujunya ialah diamnya.""325"
1082;Musnad Syafi'i 1082;"Maka aku tidak berani masuk menemui Aisyah karena Ummu Kaltsum tidak menyempurnakan susuannya kepadaku sebanyak 10 kali susuan."" 330"
1085;Musnad Syafi'i 1085;"Sesungguhnya al wala'(hak perwalian) itu bagi orang yang memerdekakan"".333"
1087;Musnad Syafi'i 1087;"Perlihatkanlah kantong dan tali pengikat barang itu, kemudian umumkanlah selama setahun. Jika pemiliknya datang —berikanlah kepadanya—, jika tidak ada yang datang, maka terserah kamu.""335"
1088;Musnad Syafi'i 1088;"Perlihatkanlah kantong itu di depan pintu masjid-masjid, dan umumkanlah kepada setiap orang yang tiba dari negeri Syam selama setahun. Apabila telah berlalu masa setahun (tanpa ada yang mengakuinya), maka kamulah yang menguasai kantong itu."" 336"
1089;Musnad Syafi'i 1089;"Sesungguhnya aku telah menemukan sesuatu, bagaimanakah menurut pendapatmu?"" Ibnu Umar berkata kepadanya, ""Perlihatkanlah!"" Lelaki itu menjawab, ""Sudah kulakukan."" Ibnu Umar berkata, ""Teruskanlah!"" Ia menjawab, ""Sudah kulakukan."" Ibnu Umar berkata, ""Aku tidak menganjurkanmu untuk membelanjakannya. Tetapi jika kamu berkenan, sebaiknya janganlah kamu mengambilnya (memilikinya)."" 337"
1091;Musnad Syafi'i 1091;"Ibnu Umar menanyakan hal tersebut kepada ayahnya -sahabat Umar-, lalu sahabat Umar menjawab, ""Apabila kamu memasukkan kedua kakimu ke dalam sepasang khuf dalam keadaan suci, kamu boleh mengusap keduanya."" Ibnu Umar bertanya, ""Bagaimana jika salah seorang di antara kami setelah buang air besar?"" Umar menjawab, ""Sekalipun seseorang di antara kalian setelah melakukan buang air besar."" 339"
1093;Musnad Syafi'i 1093;Aku pernah melihat Anas bin Malik tiba di Qubah, lalu ia buang air kecil dan berwudhu serta mengusap sepasang khuf, lalu melaksanakan shalat. 341
1094;Musnad Syafi'i 1094;"Aku menetapkan atas kalian apa yang telah ditetapkan oleh Allah terhadap kalian, yaitu bahwa buah kurma dibagikan antara kami dan kalian."" Rasulullah  mengutus Abdullah bin Rawahah untuk menaksir hasil kurma antara dia dan mereka, kemudian Abdullah berkata, ""Jika kalian suka, maka itu untuk kalian, dan jika kalian mau, maka hal itu untukku."" 342"
1095;Musnad Syafi'i 1095;"Bagaimanakah keadaan orang-orang (pasukan kita)?"" Ia menjawab, ""Menuruti perintah Allah."" Ketika orang-orang (pasukan kaum muslim) kembali, Rasulullah  bersabda, ""Barangsiapa yang telah membunuh musuh dengan tangannya sendiri dan mempunyai bukti, maka harta rampasannya untuk dia."" Lalu aku berdiri dan berkata, ""Siapakah yang mau menjadi saksiku?"" Kemudian aku duduk. Untuk kedua kalinya aku berdiri, lalu berkata, ""Siapakah yang mau menjadi saksiku?"" Lalu aku duduk. Pada ketiga kalinya aku berdiri, lalu mengatakan hal itu, maka Rasulullah  bertanya, ""Mengapa kamu, hai Abu Qatadah?"" Lalu aku menceritakan kejadian itu kepadanya, dan seorang lelaki di antara orang yang hadir berkata, ""Dia benar, wahai Rasulullah, harta rampasan orang yang dibunuhnya itu berada padaku, maka tolonglah agar dia merelakannya buatku."" Abu Bakar berkata, ""Tidak, demi Allah. Andaikata demikian, niscaya dia tidak akan mau berperang menjadi seorang pemberani membela agama Allah, karena harta rampasannya nanti diberikan kepadamu. ""Rasulullah  bersabda, ""Dia benar, berikanlah harta rampasan itu kepadanya."" Abu Qatadah berkata, ""Lalu lelaki itu memberikan harta rampasan tersebut kepadaku, kemudian aku menjual baju besinya, dan uangnya kubelikan sebuah kebun kurma di kalangan Bani Salimah. Sesungguhnya harta itu merupakan permulaan harta yang kuperoleh dalam masa Islam."" Imam Malik mengatakan bahwa al mikhraf artinya kebun kurma. 343"
1096;Musnad Syafi'i 1096;"Apa gerangan yang dilakukan oleh kaum laki-laki? Mereka menyetubuhi budak-budak perempuannya, kemudian meninggalkannya (tanpa bertanggung jawab). Tidak sekali-kali ada seorang budak perempuan datang, lalu mengaku perihal tuannya bahwa tuannya telah menyetubuhinya, melainkan aku akan menisbatkan anak-anaknya kepada dia. Maka, sesudah ini ber-'adzal- lah kalian atau tinggalkanlah.""344"
1098;Musnad Syafi'i 1098;"Barangsiapa yang menghidupkan tanah yang mati, maka tanah itu adalah untuknya, dan tidak ada hak bagi orang yang mengaku-ngaku memiliki tanpa hak dan orang yang aniaya. ""346"
1099;Musnad Syafi'i 1099;"Barangsiapa yang menghidupkan (menggarap) tanah yang mati, maka tanah itu untuknya."" 347"
1100;Musnad Syafi'i 1100;"Tidak boleh membahayakan orang lain dan tidak boleh membahayakan diri sendiri.""348"
1101;Musnad Syafi'i 1101;"Janganlah seseorang dari kalian mencegah tetangganya menyandarkan kayu pada temboknya.""349 Al A'raj melanjutkan kisahnya bahwa setelah itu Abu Hurairah  berkata, Mengapa kulihat kalian berpaling darinya? Demi Allah, aku benar-benar akan melemparkan kayu itu di antara pundak-pundak kalian."""
1102;Musnad Syafi'i 1102;"Maka Umar berkata, ""Mengapa engkau melarang saudaramu melakukan sesuatu yang bermanfaat baginya dan hal itu bermanfaat pula bagi dirimu? Baik posisi pertama atau terakhir kamu dapat pula mengambil air minum darinya dan tidak membahayakan kamu. Muhammad bin Maslamah menjawab, ""Tidak boleh."" Umar  berkata, ""Demi Allah, parit itu benar-benar harus dialirkan, sekalipun melewati perutmu.""350"
1103;Musnad Syafi'i 1103;"Aku merasa yakin bahwa kamu telah membuat mereka lapar. Demi Allah, aku benar- benar akan mendendamu dengan benda yang memberatkanmu."" Kemudian ia berkata kepada Al Muzanni, ""Berapakah harga untamu?"" Ia menjawab, ""400 dirham."" Umar berkata, ""Bayarlah ia 800 dirham."" 351"
1104;Musnad Syafi'i 1104;"Apa yang mendorongmu mengambil anak ini?"" Lelaki itu menjawab, ""Aku menemukannya dalam keadaan tersesat, maka aku memungutnya."" Lalu Uraifah berkata kepadanya, ""Wahai Amirul Mukminin, sesungguhnya dia adalah lelaki yang shaleh."" Umar bertanya, ""Apakah memang demikian?"" Lelaki itu menjawab, ""Ya."" Umar berkata, ""Pergilah, dan anak ini telah merdeka. Engkaulah yang memiliki hak wala'nya, dan hak kami untuk menafkahinya."" 352"
1105;Musnad Syafi'i 1105;"Potonglah tangan budak ini, karena sesungguhnya dia telah mencuri."" Umar berkata kepadanya, ""Apakah yang telah dicurinya?"" Abdullah bin Amr menjawab, ""Dia telah mencuri sebuah cermin milik istriku yang harganya 60 dirham."" Maka Umar berkata, ""Lepaskanlah dia, sesungguhnya tidak ada hukum potong tangan atas budak kalian, yang mencuri barang kalian adalah budak kalian sendiri."" 353"
1107;Musnad Syafi'i 1107;"Sesungguhnya Rabi'ah bin Umayah nikah mut'ah dengan seorang wanita asing hingga wanita itu hamil."" Maka Umar keluar seraya menarik kain selendangnya karena terkejut, dan ia berkata, ""Ini adalah mut'ah, seandainya aku paling dahulu memutuskannya, niscaya aku akan jatuhkan hukuman rajam pada permasalahan ini."" 355"
1108;Musnad Syafi'i 1108;"Jangan sekali-kali seseorang dari jamaah haji pulang sebelum melakukan thawaf di Baitullah, karena sesungguhnya akhir dari manasik itu ialah thawaf di Baitullah.” Malik  mengatakan bahwa yang demikian itu menurut pendapat kami —Allah lebih mengetahui— berdasarkan firman Allah , ""Onta yang kurus yang datang dari segenap penjuru"" yakni: Tempat ibadah yang terakhir dikunjungi ialah Baitul 'Atiq. 356"
1110;Musnad Syafi'i 1110;"Makanlah kalian!"" Mereka menjawab, ""Tidak, sebelum engkau sendiri memakannya"" Utsman berkata, ""Sesungguhnya keadaanku tidak seperti keadaan kalian, sesungguhnya buruan ini ditangkap untukku."" 357"
1111;Musnad Syafi'i 1111;"Tidak, demi Allah; dan memang benar, demi Allah."" 358"
1113;Musnad Syafi'i 1113;"Lempengan perak dengan lempengan perak lagi."" Ia tidak suka hal tersebut. Malik berkata, ""Demikian menurut pandangan kami, karena si pembeli bermaksud menjualnya kembali kepada pemilik yang dia telah membeli darinya dengan harga yang lebih mahal daripada harga sewaktu dia membeli darinya; seandainya dia menjualnya kembali dengan harga yang sama, maka jual-belinya itu tidak mengapa."""
1125;Musnad Syafi'i 1125;Aku tidak pernah menyebutnya melainkan dari Rasulullah , dan Ibnu Abu Dzib meriwayatkannya dari Az-Zuhri, dan Salim, dari Ibnu Umar, dari Nabi  yang tidak diragukan lagi.”
1133;Musnad Syafi'i 1133;"Hendaknya ia berbuka dan memberi makan seorang miskin sebanyak 1 mud gandum sebagai ganti setiap harinya.""372"
1137;Musnad Syafi'i 1137;"Apakah yang kalian (para sahabat) perbuat pada hari ini bersama Rasulullah ?"" Anas menjawab, ""Di antara kami ada yang mengucapkan talbiyah tanpa ada seorang pun yang memprotesnya, dan di antara kami ada yang bertakbir tanpa ada seorang pun yang mengingkarinya. ""375"
1141;Musnad Syafi'i 1141;"Apakah yang telah menimpamu?"" Muhammad menjawab, ""Aku menyerahkan kepada istriku perihal dirinya, dan ternyata ia memisahkan aku (meminta cerai dariku)."" Zaid berkata kepadanya, ""Apakah yang mendorongmu berbuat demikian (menyerahkan perkaramu kepada istrimu)?"" Muhammad menjawabnya, ""Takdir."" Zaid berkata kepadanya, ""Rujuklah kepadanya jika kamu suka, karena sesungguhnya dia hanya baru kejatuhan sekali thalak, dan engkau paling berhak terhadapnya.”379"
1142;Musnad Syafi'i 1142;"Tiap-tiap wanita yang diceraikan berhak mendapat mut'ah; kecuali wanita yang diceraikan sedangkan telah ditentukan baginya sejumlah maskawin, tetapi ia masih belum dicampuri, maka sudah cukup baginya maskawin yang telah ditentukan baginya.” 380"
1145;Musnad Syafi'i 1145;"Suruhlah ia berkendaraan, kemudian berjalan kaki sejauh perjalanan yang ditempuhnya ketika tidak mampu."" Malik berkala, ""Si nenek wajib berkurban."" 383"
1152;Musnad Syafi'i 1152;Carilah, sekalipun cincin dari besi.390
1154;Musnad Syafi'i 1154;Kami telah belajar dari Imam Malik bahwa ia belum pernah mengetahui seorang imam pun, —baik yang terdahulu maupun yang kemudian— memutuskan sesuatu diyat dalam kasus pelukaan yang lebih ringan daripada luka mudhihah.”
1160;Musnad Syafi'i 1160;"Shalat 5 waktu dalam sehari semalam” Ia bertanya, “Apakah ada kewajiban lainnya atas diriku?"" Nabi  menjawab, ""Tidak, kecuali jika engkau hendak shalat sunah"" Dan Nabi  menyebutkan kepadanya puasa bidan Ramadhan, lalu ia bertanya, ”Apakah ada kewajiban atas diriku"" Nabi  menjawab. ""Tidak kecuali jika engkau hendak puasa sunah” Lain lelaki badui itu berpaling (pergi) seraya berkasta “Demi Allah, aku tidak akan menambah atas hal ini dan tidak pula menguranginya sedikit pun."" Maka Rasulullah  bersabda, “Beruntunglah dia jika benar.”398"
1162;Musnad Syafi'i 1162;"Sesungguhnya Rasulullah  telah menerima wahyu tadi malam, wahyu itu memerintahkan agar beliau menghadap ke arah kiblat."" Maka mereka menghadap ke arah kiblat, sebelum itu orang-orang menghadapkan diri mereka ke arah negeri Syam (Baitul Maqdis), lalu mereka berputar menghadap ke arah Ka'bah. 400"
1170;Musnad Syafi'i 1170;Apabila rasa takut lebih gawat daripada hal itu, maka mereka shalat dengan berjalan kaki dan berkendaraan dengan menghadap kiblat, juga tanpa menghadap kiblat.” 407
1174;Musnad Syafi'i 1174;Memakan semua hewan pemangsa yang bertaring adalah haram.”411
1178;Musnad Syafi'i 1178;"Wahai Rasulullah, putuskanlah di antara kami dengan Kitabullah."" Sedangkan yang lain -ia lebih mengerti- berkata, ""Memang benar, wahai Rasulullah, putuskanlah di antara kami dengan Kitabullah dan izinkanlah aku bicara."" Nabi  bersabda, ""Katakanlah!"" la berkata, ""Sesungguhnya anak lelakiku menjadi pelayan orang ini, lalu anakku berzina dengan istrinya. Kemudian diberitakan kepadaku bahwa anakku terkena hukuman rajam, maka aku menebus anakku darinya dengan 100 ekor kambing dan seorang budak perempuan. Selanjutnya aku Bertanya kepada para ulama, ternyata mereka memberitahukan kepadaku bahwa anakku dihukum dera 100 kali dan diasingkan selama setahun. Sesungguhnya hukuman rajam itu hanya atas istri (majikan)nya."" Maka Nabi  bersabda, ""Demi Tuhan yang jiwaku berada dalam genggaman-Nya, aku benar-benar akan memutuskan perkara kalian berdua dengan Kitabullah. Adapun mengenai kambingmu dan budak perempuanmu akan dikembalikan kepadamu.""Nabi  mendera anak lelakinya 100 kali dan mengasingkannya selama setahun, lalu beliau memerintahkan kepada Unais Al Aslami untuk mendatangi istri lelaki tersebut. Jika dia mengaku, maka rajamlah dia. Ternyata istri lelaki itu mengaku, maka Unais merajamnya. 415"
1180;Musnad Syafi'i 1180;"Semua penghormatan bagi Allah, semua kesucian bagi Allah, semua kebaikan —yakni salawat— milik Allah. Semoga keselamatan terlimpah kepadamu, wahai Nabi; begitu pula rahmat dan berkah-Nya. Semoga keselamatan terlimpah kepada kami, juga kepada hamba-hamba Allah yang shaleh. Aku bersaksi bahwa tiada Tuhan selain Allah, dan aku bersaksi bahwa Muhammad adalah hamba dan utusan-Nya” 417"
1181;Musnad Syafi'i 1181;"Wahai Rasulullah, sesungguhnya aku mendengar orang ini membaca surah Al Furqan dengan bacaan yang berbeda dengan apa yang telah engkau ajarkan kepadaku."" Lalu Rasulullah  bersabda kepadanya, ""Bacalah!” Maka ia membaca dengan bacaan yang pernah aku dengar tadi. Sesudahnya Nabi  bersabda, “Demikianlah ia diturunkan.” Kemudian beliau bersabda kepadaku, ""Bacalah!"" Maka aku membacanya. Setelah itu beliau bersabda, ""Memang demikianlah ia diturunkan, sesungguhnya Al Qur'an ini diturunkan dengan 7 dialek, maka bacalah menurut bacaan yang paling mudah darinya.""418"
1185;Musnad Syafi'i 1185;"Jam berapakah sekarang?” Lelaki itu menjawab, ""Wahai Amirul Mukminin, aku baru kembali dari pasar dan aku mendengar adzan, maka aku tidak lebih hanya mempunyai waktu untuk wudhu."" Umar berkata, ""Hanya wudhu, padahal engkau telah mengetahui bahwa Rasulullah  dahulu memerintahkan untuk mandi."" 422"
1196;Musnad Syafi'i 1196;"Sesungguhnya Rasulullah  sering mencium (istrinya) ketika sedang puasa."" Maka si istri kembali kepada suaminya dan menceritakan kepadanya (jawaban itu), tetapi hal tersebut makin menambah keburukan. Si suami berkata, ""Kita ini tidak seperti Rasulullah . Allah menghalalkan bagi Rasul-Nya menurut apa yang dikehendaki-Nya."" Si istri kembali kepada Ummu Salamah, dan ternyata ia menjumpai Rasulullah  ada bersamanya. Maka Rasulullah  bersabda, ""Apa gerangan yang terjadi pada wanita ini?"" Ummu Salamah menceritakan kepada beliau masalah yang dialami oleh wanita itu, maka beliau bertanya, ""Mengapa engkau tidak menceritakan kepadanya bahwa aku pernah melakukan hal tersebut."" Ummu Salamah menjawab, ""Aku telah menceritakannya."" Lalu wanita itu kembali kepada suaminya dan menceritakan hal tersebut. Tetapi hal tersebut makin menambah keburukan, dan si suami berkata, ""Kita ini tidak seperti Rasulullah . Allah  menghalalkan bagi Rasul-Nya apa-apa yang disukai-Nya."" Maka Rasulullah  marah dan bersabda, ”Demi Allah, sesungguhnya aku benar-benar orang yang paling bertakwa di antara kalian dan paling mengetahui batasan-batasan (hukum- hukum)-Nya.”"
1203;Musnad Syafi'i 1203;"Ya (boleh)."" Lalu aku pergi, dan ketika aku berada di hujrah atau di masjid, beliau memanggilku atau menyuruh seseorang memanggilku. Nabi  bertanya, ""Apa yang tadi kamu katakan?” Maka aku mengulangi kisah tersebut yang telah kuceritakan kepadanya menyangkut nasib suamiku, lalu beliau bersabda, ""Tinggallah kamu di rumahmu hingga masa iddahmu habis."" Al Ghurai'ah melanjutkan kisahnya: Maka aku melakukan iddah di dalam rumahku selama 4 bulan 10 hari."" Ketika Utsman mengirimkan utusannya kepadaku untuk menanyakan masalah tersebut, lalu aku ceritakan hal itu kepadanya; maka ia mengikuti ketentuan tersebut dan memutuskan hukum dengan merujuk kepadanya. 439"
1207;Musnad Syafi'i 1207;"Aku pernah mendengar Nabi melarang hal seperti ini.” Maka Muawiyah menjawab, ""Menurutku hal ini tidak mengapa."" Maka Abu Darda berkata, ""Semua orang pasti memaafkan sikapku terhadap Muawiyah. Aku ceritakan kepadanya hadis Rasulullah SAW, tetapi sebaliknya dia mengemukakan pendapatnya sendiri. Sejak itu aku tidak mau lagi bergaul dengannya."" 443"
1218;Musnad Syafi'i 1218;"Berapakah mahar yang engkau berikan kepadanya?"". Abdurrahman bin Auf menjawab, ""Emas seberat biji kurma."" Maka Rasulullah bersabda, ""Buatlah walimah sekalipun dengan seekor kambing.""453"
1219;Musnad Syafi'i 1219;"Wahai Rasulullah, sesungguhnya aku menyerahkan diriku kepadamu."" Lalu wanita itu berdiri dalam waktu yang cukup lama. Kemudian ada seorang lelaki berkata, ""Wahai Rasulullah, kawinkanlah aku dengannya, jika engkau tidak berhajat kepadanya."" Rasulullah  bertanya. ""Apakah kamu mempunyai sesuatu sebagai mas kawinnya?"" Lelaki itu menjawab, ""Aku tidak mempunyai apa-apa kecuali hanya kain sarungku ini."" Rasulullah bersabda. ""Jika kamu memberikan kain sarung itu kepadanya, berarti kamu tidak mempunyai kain sarung. Maka, carilah sesuatu yang lain,"" Lelaki itu menjawab. ""Aku tidak menemukan sesuatu pun."" Rasulullah  bersabda. ""Carilah. sekalipun berupa cincin besi"" Kemudian lelaki itu mencarinya, dan ternyata ia tidak menemukan sesuatu pun. Akhirnya Rasulullah  bersabda kepadanya, ""Apakah engkau hafal sesuatu dari Al Qur'an?"" Lelaki itu menjawab, ""Ya, surah anu dan surah lainnya."" Ia menyebutkan nama beberapa surah. Maka Rasulullah  bersabda, ""Aku mengawinkanmu dengannya dengan mas kawin sebagian dari Al Qur'an yang kamu hafal.""454"
1220;Musnad Syafi'i 1220;"Dia tidak mempunyai maskawin. Seandainya dia berhak mendapat maskawin, niscaya kami tidak akan menahan kalian untuk memperolehnya, dan kami tidak akan berbuat aniaya terhadapnya."" Tetapi ternyata si ibu tidak mau menerima keputusan tersebut, akhirnya mereka mengangkat Zaid bin Tsabit untuk memutuskan perselisihan mereka. Dan Zaid bin Tsabit memutuskan bahwa wanita tersebut tidak berhak mendapat maskawin, tetapi berhak mendapat warisan.455"
1231;Musnad Syafi'i 1231;"Hal ini dikomentari Abu Hanifah 2 kali."" Aku juga mendengar Ar-Rabi' mengatakan: Aku pemah mendengar Imam Asy Syafi'i berkata, ""Menuntut ilmu lebih afdhal daripada shalat sunah."""
1236;Musnad Syafi'i 1236;"Rasulullah  melarang menyewakan lahan."" Hanzhalah bertanya, ""Apakah dengan emas dan perak?"" Rafi' menjawab, ""Adapun bila dengan emas dan perak, hukumnya tidak mengapa (tidak dilarang)."" 471"
1241;Musnad Syafi'i 1241;"Seandainya aku mampu melakukan sesuatu yang bermanfaat bagi kalian berdua, niscaya aku lakukan."" Kemudian ia berkata lagi, ""Aku ingat, sesungguhnya di sini terdapat harta milik Allah. Aku bermaksud mengirimkannya kepada Amirul Mukminin, tetapi terlebih dahulu aku pinjamkan harta itu kepada kalian berdua, kemudian kamu belikan darinya barang dagangan yang ada di Irak untuk kalian jual di Madinah. Nanti modalnya kamu serahkan kepada Amirul Mukminin, sedangkan labanya buat kamu berdua."" Keduanya menjawab, ""Dengan senang hati."" Amir Bashrah melaksanakan hal itu, dan ia menulis surat kepada Umar  agar ia mengambil sejumlah harta dan keduanya. Setelah keduanya tiba di Madinah, lalu menjual barang dagangan itu, keduanya mendapat laba. Ketika keduanya menyerahkan modal dari harta itu kepada Umar . maka ia berkata kepada keduanya, ""Apakah semua pasukan diberi pinjaman juga sama seperti kamu berdus7* Keduanya menjawab. 'Tidak."" Umar  berkata, ""Karena kamu berdua adalah anak Amirul Mukminin, maka dia mau memberikan pinjaman kepadamu Sekarang serahkanlah semua harta itu dan keuntungannya!"" Abdullah diam. langkau Ubaidillah berkata. ""Tidak layak bagimu, hai Amirul Mukminin. Melakukan hal itu. Seandainya harta tersebut rusak dan berkurang. niscaya kamilah yang menanggung kerugiannya."" Umar berkata, ''Serahkanlah."" Abdullah diam, dan Ubaidillah kembali merujuk kepada Umar . Maka ada seorang lelaki dari kalangan pembantu Umar  berkata, ""Wahai Amirul Mukminin, seandainya engkau menjadikannya sebagai qardh (pinjaman), niscaya itu lebih baik."" Akhirnya Umar RA mengambil modalnya dan separuh dari keuntungannya, sedangkan Abdullah dan Ubaidillah memperoleh separuh yang lain dari keuntungan harta itu. 476"
1251;Musnad Syafi'i 1251;"Orang yang berihram tidak boleh menikah, tidak boleh menikahkan, dan tidak boleh melamar, baik untuk dirinya sendiri ataupun untuk orang lain."" 486"
1255;Musnad Syafi'i 1255;"Bagaimana pendapatmu, hai Ashim, jika seorang lelaki menjumpai istrinya bersama lelaki lain, lalu ia membunuhnya; apakah mereka akan membunuhnya pula, atau apa yang harus dilakukan? Tanyakanlah untukku, hai Ashim, kepada Rasulullah  mengenai masalah tersebut."" Lalu Ashim bertanya kepada Rasulullah  mengenai hal itu, tetapi beliau benci dengan pertanyaan tersebut dan mencelanya, hingga terasa berat oleh Ashim apa yang ia dengar dari Rasulullah . Ketika Ashim kembali kepada keluarganya, datanglah Uwaimir dan berkata, ""Hai Ashim, apakah yang telah dikatakan oleh Rasulullah ?"" Ashim menjawab, ""Kamu datang kepadaku bukan dengan membawa kebaikan. Rasulullah  benci terhadap pertanyaan yang aku ajukan itu."" Maka Uwaimir berkata, ""Demi Allah, aku tidak akan berhenti sebelum menanyakannya."" Lalu Uwaimir berangkat hingga sampai kepada Rasulullah  di tengah orang-orang banyak, lalu ia berkata, ""Wahai Rasulullah, bagaimanakah pendapatmu tentang seorang lelaki yang menjumpai istrinya bersama lelaki lain, kemudian ia membunuhnya; apakah kalian akan balas membunuhnya pula, ataukah bagaimana?"" Nabi  menjawab, ""Allah telah menurunkan wahyu mengenai masalahmu dan teman wanitamu itu. Maka, sekarang berangkatlah dan datangkanlah dia kepadaku."" Sahi bin Sa'd melanjutkan kisahnya: Maka keduanya saling melaknat, sedangkan aku dan orang-orang bersama Rasulullah  Ketika keduanya telah selesai dari saling melaknat. Umair berkata, ""Aku dusta terhadapnya, wahai Rasulullah, jika aku merujuknya."" Maka Uwaimir menceraikannya dengan 3 kali thalak sebelum Rasulullah memerintahkannya."" Ibnu Syihab berkata, ""Demikianlah ketentuan hukum menyangkut kedua orang yang saling melaknat.""490"
1266;Musnad Syafi'i 1266;"Tidaklah mudah bagimu meninggalkan keluargamu. Jika kamu suka, maka aku tinggal 7 hari bersamamu dan tinggal 7 hari pula bersama mereka. Jika kamu suka, aku tinggal 3 hari bersamamu, lalu aku menggilir (yang lainnya)."" Ummu Salamah berkata, ""Tinggallah 3 hari."" 500"
1268;Musnad Syafi'i 1268;"Bagi perawan (bagian) 7 hari dan bagi janda (bagian) 3 hari.""502"
1273;Musnad Syafi'i 1273;"Siapakah wanita ini?"" Ia menjawab, ""Habibah binti Sahl, wahai Rasulullah !"" Rasulullah SAW bertanya, ""Apa kabarmu?"" Habibah menjawab, ""Bukan aku, bukan pula Tsabit"" Maksudnya, suaminya. Ketika Tsabit bin Qais datang, Rasulullah  bersabda kepadanya, ""Ini Habibah binti Sahi, dia telah menceritakan semuanya seperti apa yang dikehendaki oleh Allah."" Habibah berkata, ""Wahai Rasulullah, semua yang dia berikan ada padaku."" Rasulullah bersabda, ""Ambillah darinya"" dan istrinya tetap tinggal di rumah keluarganya. 507"
1275;Musnad Syafi'i 1275;"Wahai Rasulullah, aku telah melihat Syarik bin Samha, yakni anak pamannya sendiri; lelaki yang kedua sisi pantatnya besar, bermata lebar dan bertubuh tegap telah menggauli si Fulanah (maksudnya istri Al Ajlani sendiri) hingga hamil, sedangkan aku tidak pernah menggaulinya sejak sekian lama."" Maka Rasulullah  memanggil Syarik, ternyata Syarik mengingkarinya. Lalu beliau memanggil si wanita, dan ternyata dia pun mengingkarinya. Maka Rasulullah  memutuskan li'an antara si wanita dengan suaminya, sedangkan si wanita itu dalam keadaan hamil. Kemudian beliau bersabda, ""Kalian perhatikan, jika si wanita ini melahirkan bayi berkulit hitam lagi berpantai besar, maka tidak ada dugaan lain bagiku kecuali si lelaki benar terhadapnya. Jika dia melahirkan bayi berkulit merah seakan- akan waharah (pendek dan kecil), tidak ada dugaan lain bagiku melainkan si lelaki telah berdusta."" Ternyata wanita itu melahirkan bayi yang berkulit hitam dan berpantat besar. Maka Rasulullah  (menurut apa yang sampai kepada kami) bersabda, ""Sesungguhnya perkara lelaki ini benar-benar jelas seandainya tidak ada apa yang telah diputuskan oleh Allah "" Makna yang dimaksud ialah bahwa anak tersebut adalah hasil hubungan zina. Seandainya Allah tidak memutuskan bahwa seseorang itu tidak dijatuhi hukuman melainkan dengan pengakuannya sendiri, hukum tidak dapat dijatuhkan kecuali dengan adanya saksi yang bukan dari salah seorang dari keduanya atau cukup dengan adanya bukti (yaitu hamil). Untuk itu Nabi  bersabda, ""Seandainya tidak ada keputusan dari Allah, niscaya aku akan memutuskan hal yang lain dari itu (li'an)."" Hukuman tidak ditimpakan kepada Syarik, tidak pula kepada istrinya. Allah Maha Mengetahui dan Dia telah melaksanakan keputusan-Nya. Dia mengetahui bahwa salah seorang dari keduanya ada yang berdusta, setelah itu diketahui bahwa pihak suami adalah benar (setelah adanya kelahiran). 509"
1286;Musnad Syafi'i 1286;"Hal itu merupakan sekali thalak, kecuali jika engkau menyebutkan sesuatu (bilangannya), maka barulah menurut apa yang kamu sebutkan."" 520"
1291;Musnad Syafi'i 1291;"Barirah di masa lalu tinggal bersamaku selama 3 tahun, dan pada salah satu tahun ia dimerdekakan, maka ia disuruh memilih terhadap suaminya."" 525"
1293;Musnad Syafi'i 1293;"Sesungguhnya aku akan menyampaikan suatu berita kepadamu, tetapi aku tidak bermaksud untuk memaksamu melakukan sesuatu. Sesungguhnya nasib dirimu berada di tanganmu sendiri selagi suamimu belum menggaulimu."" Zabra melanjutkan kisahnya: Maka dia menceraikannya sebanyak 3 kali thalak. 527"
1301;Musnad Syafi'i 1301;"Sesungguhnya istriku telah melahirkan seorang bayi laki-laki yang berkulit hitam."" Nabi  bersabda kepadanya, ""Apakah engkau memiliki unta?"" Lelaki badui itu menjawab, ""Ya."" Nabi  bertanya lagi, ""Apakah warna bulunya?"" Lelaki badui menjawab, ""Merah."" Nabi  bertanya lagi, ""Apakah di antaranya ada yang berwarna coklat?"" Lelaki badui menjawab, ""Ya, ada."" Nabi  bersabda, ""Bagaimanakah bisa demikian menurut pandanganmu?"" Lelaki badui menjawab, ""Berasal dari salah satu kakek moyangnya."" Nabi bersabda, ""Barangkali dia berasal dari salah seorang kakek moyangnya""535"
1303;Musnad Syafi'i 1303;"Demi Allah, kami tidak mempunyai kewajiban apapun terhadapmu."" Lalu Fatimah binti Qais datang kepada Nabi dan menceritakan hal tersebut, maka beliau bersabda, ""Kamu tidak berhak mendapatkan nafkah lagi darinya""531"
1305;Musnad Syafi'i 1305;"Maka aku katakan, 'Sesungguhnya thalak bagi perawan itu hanya sekali'."" Abdullah bin Amr berkata, ""Sesungguhnya engkau bermaksud bahwa thalak sekali memutuskannya, dan thalak 3 kali mengharamkannya sebelum kawin dengan lelaki lain."" 539 Imam Asy-Syafi'i  mengatakan bahwa Abdullah tidak mengatakan kepada lelaki tersebut, ""Alangkah buruknya apa yang kamu lakukan itu"", yang telah menjatuhkan thalak 3 kali."
1306;Musnad Syafi'i 1306;"Sesungguhnya ada seorang lelaki dari penduduk badui menceraikan istrinya sebanyak 3 kali thalak sebelum mencampurinya, bagaimanakah pendapat kamu berdua mengenai masalah ini?"" Ibnu Az-Zubair menjawab, ""Sesungguhnya kami tidak mempunyai pendapat terhadap masalah ini, pergilah kepada Ibnu Abbas dan Abu Hurairah. Aku baru saja dari rumah Aisyah dan keduanya ada di sana, maka tanyakanlah segera kepada keduanya, kemudian kembalilah kepada kami dan ceritakan kepada kami (apa yang dikatakan keduanya)."" Lalu Muhammad bin Iyas berangkat dan bertanya kepada keduanya, maka Ibnu Abbas berkata kepada Abu Hurairah, ""Wahai Abu Hurairah, berilah dia fatwa, sesungguhnya telah datang kepadamu masalah yang sulit."" Abu Hurairah berkata, ""Thalak sekali berarti memutuskannya, dan thalak 3 kali berarti mengharamkannya sebelum dia kawin dengan orang lain."" Ibnu Abbas mengatakan hal yang sama. 540 Asy-Syafi'i mengatakan bahwa keduanya tidak mencelanya karena menjatuhkan 3 kali thalak, begitu pula Aisyah."
1307;Musnad Syafi'i 1307;"Zabra melanjutkan kisahnya: Maka dia menceraikannya sebanyak 3 kali thalak. 541 Asy-Syafi'i  mengatakan bahwa Hafshah tidak mengatakan kepada Zabra, ""Kamu tidak boleh menceraikan 3 kali thalak."""
1316;Musnad Syafi'i 1316;"Seorang lelaki tidak boleh menghimpun dalam perkawinan antara seorang wanita dengan bibi dari pihak ayahnya, tidak boleh pula antara seorang wanita dengan bibi dari pihak ibunya.""550"
1317;Musnad Syafi'i 1317;"Dan tidak ada dosa bagi kalian meminang wanita-wanita itu dengan sindiran. (Qs. Al Baqarah [2]: 235) Hendaknya seorang lelaki mengatakan kepada seorang wanita yang masih dalam iddah karena ditinggal mati oleh suaminya ""Sesungguhnya kamu menurutku sangat mulia, dan aku benar-benar senang kepadamu, serta niscaya Allah akan melimpahkan kebaikan kepada dirimu."" Atau, ungkapan lainnya yang serupa.551"
1319;Musnad Syafi'i 1319;"Janganlah seseorang di antara kalian melamar wanita yang telah dilamar oleh saudaranya.""553"
1320;Musnad Syafi'i 1320;"Janganlah seseorang di antara kalian melamar atas lamaran saudaranya.""554"
1321;Musnad Syafi'i 1321;"Apabila engkau telah menghabiskan masa iddahmu, beri tahukanlah kepadaku."" Fatimah binti Qais melanjutkan kisahnya: Ketika aku telah lepas dari iddahku, maka kuberitahukan kepada beliau bahwa Muawiyah dan Abu Jahm telah melamarku. Maka beliau bersabda, ""Muawiyah orangnya miskin, tidak berharta; sedangkan Abu Jahm tidak pernah meletakkan tongkat dari pundaknya. Nikahlah dengan Usamah bin Zaid."" Maka, Fatimah bin Qais dikawinkan dengannya. Allah menjadikan kebaikan pada diri Usamah, dan ia hidup dengan penuh kebahagiaan. 555"
1329;Musnad Syafi'i 1329;"Hendaklah si istri mengencangkan kain bagian bawahnya, kemudian si suami boleh menggaulinya jika menginginkannya.""563"
1333;Musnad Syafi'i 1333;"Jika dia tidak dapat mendatangkan 4 orang saksi, maka dia diqishash dalam keadaan terikat."" 567"
1353;Musnad Syafi'i 1353;"Semua minuman yang memabukkan hukumnya haram.""587"
1354;Musnad Syafi'i 1354;"Dan, beliau pun melarangnya. 588 Malik mengatakan: Zaid bin Aslam berkata, ""la adalah As- Sakrakah"""
1355;Musnad Syafi'i 1355;"Barangsiapa yang meminum khamer di dunia, kemudian tidak bertobat darinya, niscaya dia tidak dapat meminumnya di akhirat nanti.""589"
1356;Musnad Syafi'i 1356;"Sesungguhnya khamer telah diharamkan."" Abu Thalhah berkata, ""Hai Anas, bangkitlah dan ambillah guci itu, lalu pecahkan!"" Anas berkata, ""Lalu aku bangkit mengambil sebuah kapak milik kami, lalu aku pukul bagian bawah guci itu hingga pecah berantakan (dan isinya tertumpah)."" 590"
1364;Musnad Syafi'i 1364;"Apa yang telah dikatakannya, apa yang telah dikatakannya?"" Mereka menjawab, ""Beliau telah melarang membuat minuman perasan di dalam wadah ad-duba dan al muzaffat."" 598"
1367;Musnad Syafi'i 1367;"Lelaki itu menjawab, ""Tidak."" Lalu lelaki itu berbisik kepada seseorang yang ada di sampingnya, maka Rasulullah  bertanya, ""Apakah yang engkau bisikkan kepadanya?"" Ia menjawab, ""Aku menyuruhnya agar menjual khamer ini."" Rasulullah  bersabda, ""Sesungguhnya sesuatu yang haram diminum diharamkan pula menjualbelikannya."" Lalu Rasulullah  membuka kedua guci itu hingga semua isinya kering. 601"
1371;Musnad Syafi'i 1371;"Sesungguhnya kami biasa membeli buah kurma dan buah anggur, lalu kami memerasnya menjadi khamer, selanjutnya kami jual."" Maka Ibnu Umar berkata, ""Sesungguhnya aku bersaksi kepada Allah terhadap kalian, para malaikat-Nya dan jin serta manusia yang mendengar bahwa aku tidak memerintahkan kalian untuk menjualnya dan tidak pula membelinya. Janganlah kalian memerasnya, jangan pula menjadikannya sebagai minuman. Sesungguhnya khamer itu najis dan termasuk perbuatan syetan."" 605"
1372;Musnad Syafi'i 1372;"Tidak ada yang dapat menjaga kondisi kami kecuali minuman ini (khamer)."" Umar berkata, ""Minumlah madu!"" Mereka menjawab, ""Madu tidak dapat membuat kami baik."" Seorang lelaki dari kalangan penduduk setempat berkata, ""Maukah engkau bila kami jadikan minuman ini tidak memabukkan lagi?"" Umar menjawab, ""Ya."" Lalu mereka memasaknya hingga dua pertiganya menguap, dan yang tersisa hanya sepertiganya. Kemudian mereka menyuguhkan kepada Umar, dan Umar memasukkan jarinya ke dalam minuman itu, lalu mengangkat tangannya dan mengibaskannya seraya berkata, ""Ini adalah thila."" Yakni, sama kentalnya dengan cairan untuk membalur unta. Lalu Umar memerintahkan mereka untuk meminumnya, dan Ubadah bin Shamit berkata kepadanya, ""Demi Allah, engkau telah menghalalkannya bagi mereka."" Umar  berkata, ""Tidak, demi Allah. Ya Allah, sesungguhnya aku tidak akan menghalalkan sesuatu pun bagi mereka apa yang telah Engkau haramkan terhadap mereka, dan aku tidak akan mengharamkan terhadap mereka sesuatu pun yang telah Engkau halalkan bagi mereka."" 606"
1373;Musnad Syafi'i 1373;"Sesungguhnya aku menemukan pada si Fulan bau minuman, tetapi dia mengaku telah meminum thila (sejenis minuman keras), sedangkan aku menanyakan apa yang diminumnya; jika yang diminumnya itu memabukkan, niscaya aku akan menderanya."" Kemudian Umar mendengarnya sebagai hukuman had secara lengkap (80 kali dera). 607"
1378;Musnad Syafi'i 1378;"Menurut hemat kami, hendaklah didera 80 kali. Karena sesungguhnya bila dia minum, maka dia akan mabuk; dan bila dia mabuk, maka dia akan ngawur; dan bila dia ngawur, maka dia akan berkata dusta."" Atau seperti yang dikatakan; Lalu Umar mendera 80 kali dalam hal meminum khamer.612"
1387;Musnad Syafi'i 1387;"Qabishah melanjutkan kisahnya: Bahwa lelaki itu keluar dari sisi Utsman dan bertemu dengan seorang sahabat Nabi , maka sahabat tersebut menjawab, ""Seandainya dikuasakan kepadaku untuk menangani masalah itu, kemudian aku menemukan seseorang melakukan hal itu, niscaya aku menimpakan hukuman terhadap pelakunya."" Imam Malik mengatakan bahwa Ibnu Syihab telah berkata, ""Aku menduga bahwa sahabat yang dimaksud adalah Ali bin Abu Thalib ."" Imam Malik berkata, ""Telah sampai kepadaku sebuah atsar yang semisal itu bersumber dari Az-Zubair bin Awwam."" 621"
1388;Musnad Syafi'i 1388;"Aku tidak suka memperbolehkan keduanya dihimpun dalam perkawinan."" 622"
1401;Musnad Syafi'i 1401;"Ini adalah nikah yang sembunyi-sembunyi. Aku tidak mengizinkannya. Seandainya diajukan kepadaku kasus seperti itu, niscaya aku menjatuhkan hukuman rajam."" 635"
1404;Musnad Syafi'i 1404;"Peganglah 4 orang istri, dan ceraikanlah yang lainnya."" 638"
1412;Musnad Syafi'i 1412;"Sesungguhnya aku telah menceraikan istriku yang merdeka 2 kali thalak."" Maka Zaid menjawab, ""Dia haram atas dirimu."" 646"
1413;Musnad Syafi'i 1413;"Dia haram atas dirimu, dia haram atas dirimu."" 647"
1414;Musnad Syafi'i 1414;"Dia haram atas dirimu."" 648"
1415;Musnad Syafi'i 1415;"Urwah berkata benar."" Sesungguhnya dalam masalah ini dia (Amrah) diprotes oleh orang banyak. Mereka berkata, ""Sesungguhnya Allah telah berfirman 3 kali quru'."" Maka Aisyah RA berkata, ""Kalian benar, tahukah kalian makna iqra'? Iqra' adalah beberapa kali masa suci.""649"
1416;Musnad Syafi'i 1416;"Aku belum pernah bertemu dengan seorang pun dari kalangan ahli fikih kami melainkan dia mengatakan hal ini."" Yakni, sama dengan apa yang dikatakan oleh Aisyah RA.""650"
1421;Musnad Syafi'i 1421;"Aku berhak mewarisinya, karena aku tidak pernah haid lagi."" Akhirnya mereka (seluruh keluarga Habban) bersengketa dan mengajukan perkaranya kepada Utsman bin Affan. Ternyata Utsman memutuskan bahwa istri dari kalangan Anshar mendapat warisan, maka istri yang dari Bani Hasyim mencela Utsman. Maka Utsman  berkata, ""Ini adalah perbuatan anak pamanmu sendiri."" Dia mengatakan demikian seraya berisyarat kepada kami, yakni: Ali bin Abu Thalib .655"
1423;Musnad Syafi'i 1423;"Siapapun wanitanya yang diceraikan, lalu haid sekali atau 2 kali, kemudian haidnya terhenti, maka ia menunggu sampai 9 bulan. Jika ternyata ia hamil, maka itulah masa iddahnya (sampai melahirkan); dan jika tidak, hendaklah ia melakukan iddah selama 3 bulan sesudah 9 bulan, setelah itu baru ia halal (untuk kawin lagi)."" 657"
1427;Musnad Syafi'i 1427;"Dia beriddah selama sekali haid."" 661"
1428;Musnad Syafi'i 1428;"Hingga akhir iddahnya (maksudnya 4 bulan 10 hari)."" Sedangkan Abu Hurairah menjawab, ""Apabila dia melahirkan, berarti telah halal untuk kawin lagi."" Maka, masuklah Abu Salamah menemui Ummu Salamah, istri Nabi , lalu menanyakan masalah tersebut kepadanya. Ummu Salamah berkata, ""Subai'ah Al Aslamiyah melahirkan anaknya selang setengah bulan sesudah kematian suaminya, lalu ia dilamar oleh 2 orang lelaki; yang seorang pemuda, sedangkan yang lainnya kakek-kakek. Ternyata Subai'ah menerima lamaran si pemuda, maka si kakek itu berkata, ""Dia masih belum halal untuk kawin."" Keluarga Subai'ah sedang tidak ada di tempat, dan si kakek berharap apabila keluarga Subai'ah tiba akan memilihnya untuk menjadi suami Subai'ah. Maka, Subai'ah datang kepada Rasulullah , dan beliau bersabda, ""Engkau telah halal, maka kawinlah dengan orang yang kamu sukai.""662"
1429;Musnad Syafi'i 1429;"Hingga akhir masa iddahnya."" Sedangkan Abu Salamah berkata, ""Apabila dia telah melahirkan, berarti telah halal."" Maka datanglah Abu Hurairah, lalu berkata, ""Aku sependapat dengan keponakanku."" Yakni, Abu Salamah. Lalu mereka menyuruh Kuraib maula Ibnu Abbas menemui Ummu Salamah untuk menanyakan masalah tersebut Ketika Kuraib kembali kepada mereka, ia langsung memberitahukan bahwa Ummu Salamah berkata, ""Subai'ah Al Aslamiyah pernah melahirkan anak sesudah kematian suaminya selang beberapa malang lalu ia menceritakan hal itu kepada Rasulullah , maka beliau  bersabda kepadanya, 'Kamu telah halal, maka kawinlah' 663"
1431;Musnad Syafi'i 1431;"Apabila dia telah melahirkan, berarti dia telah halal (untuk kawin)."" Ia mendapat berita dari seorang lelaki kalangan Anshar bahwa Umar bin Al Khaththab  pernah berkata, ""Seandainya seorang istri melahirkan, sedangkan jenazah suaminya masih ada di atas peraduannya dan belum dikebumikan, dia benar- benar telah halal (untuk kawin lagi)."" 665"
1435;Musnad Syafi'i 1435;"Demi Allah, sebenarnya aku tidak memerlukan minyak wangi melainkan aku pernah mendengar Rasulullah  bersabda “Tidak halal bagi wanita yang beriman kepada Allah dan hari kemudian melakukan belasungkawa atas mayit lebih dari 3 malam; kecuali bila ditinggal mati oleh suami, maka (iddahnya) 4 bulan 10 hari"""
1438;Musnad Syafi'i 1438;"Tidak halal bagi wanita yang beriman kepada Allah dan hari kemudian melakukan ihdad (belasungkawa) atas mayit lebih dari 3 malam; kecuali karena ditinggal mati suaminya, maka (ihdadnya) 4 bulan 10 hari.""670"
1439;Musnad Syafi'i 1439;"Siapapun wanitanya yang melakukan perkawinan dalam iddahnya, jika suami yang menikahinya belum mencampurinya, maka keduanya dipisahkan, kemudian si wanita melanjutkan sisa masa tunggu (iddah) dari suami pertamanya, dan lelaki yang kedua dianggap sebagai salah seorang dari pelamarnya. Jika suami yang baru telah menggaulinya, maka hakim memisahkan keduanya, kemudian si wanita melanjutkan sisa masa tunggu dari suami yang pertama, (sesudah itu) ia kembali melakukan iddah dari suami yang baru. Setelah itu suami yang baru diperbolehkan menikahinya untuk selamanya.""671 Sa'id berkata, ""Wanita itu berhak memperoleh mahar"
1443;Musnad Syafi'i 1443;"Kamu tidak berhak mendapat nafkah lagi darinya"" Dan Nabi  memerintahkan dia agar menjalankan iddah di rumah Ummu Syarik, sesudah itu beliau bersabda, ""Tetapi Ummu Syarik adalah seorang wanita yang sering dikerumuni oleh sahabat-sahabatku, maka beriddahlah kamu di rumah Ibnu Ummi Maktum, karena ia adalah orang yang tunanetra sehingga kamu dapat melepaskan bajumu.""675"
1445;Musnad Syafi'i 1445;"Bertakwalah kepada Allah, hai Marwan, dan kembalikanlah si wanita itu ke rumah suaminya."" Marwan menjawab —menurut hadis Sulaiman—, ""Abdurrahman telah menekanku."" Marwan mengatakan -dalam hadis Al Qasim-, ""Apakah tidak pernah sampai kepadamu perihal yang dialami oleh Fatimah binti Qais?"" Aisyah menjawab, ""Tidak, kamu jangan menceritakan perihal Fatimah (binti Qais)."" Marwan berkata, ""Jika hal itu terjadi, sesungguhnya hanya keburukanlah yang kamu bawa. Maka, cukup bagimu keburukan yang ada di antara kedua orang ini."" 677"
1452;Musnad Syafi'i 1452;"Demi Allah, aku tidak akan memberikan tempat kepadamu, dan kamu tidak akan halal selama-lamanya."" Maka Allah  menurunkan firman-Nya, ""Thalak yang boleh dirujuk itu adalah 2 kali. Setelah itu boleh rujuk lagi dengan cara yang makruf atau menceraikan dengan cara yang baik."" (Qs. Al Baqarah [2]: 229) Maka, orang-orang menerima ketentuan thalak yang baru. Di antara mereka yang telah menceraikan istrinya, maka mereka menceraikannya; ada pula di antara mereka yang tidak menceraikannya (yakni rujuk kembali). 684"
1456;Musnad Syafi'i 1456;"Wahai Rasulullah, ini ada orang lelaki meminta izin di dalam rumahmu?"" Rasulullah  menjawab, ""Aku melihatnya, adalah si fulan, saudara sesusuan paman Hafshah"" Maka aku berkata, ""Wahai Rasulullah, seandainya si fulan masih hidup, yakni saudara sesusuan pamannya, bolehkah ia masuk menemuiku?"" Rasulullah menjawab, ""Ya, sesungguhnya radha'ah (saudara sesusuan) menjadikan mahram sama dengan mahram karena kelahiran (senasab), ""688"
1459;Musnad Syafi'i 1459;"Bolehkah anak laki-laki itu kawin dengan anak perempuan tersebut?"" Ibnu Abbas menjawab, ""Tidak boleh, karena liqah (pembuahan)nya berasal dari sumber yang sama.""690"
1464;Musnad Syafi'i 1464;"Panggillah mereka (anak-anak angkat itu) dengan (memakai) nama bapak-bapak mereka; itulah yang lebih adil pada sisi Allah. Dan jika kalian tidak mengetahui bapak-bapak mereka, maka (panggillah mereka sebagai) saudara-saudara seagama dan maula-maula kalian."" (Qs. Al Ahzaab [33]: 5) Maka, tiap-tiap orang dari mereka mengembalikan sebutan anak-anak angkat mereka kepada ayahnya masing-masing. Dan, jika ia tidak mengetahui nama ayah dari anak yang diangkatnya, maka dikembalikan kepada walinya. Kemudian datanglah Sahlah binti Suhail dari kalangan Bani Amir bin Luay, istri Abu Hudzaifah, kepada Rasulullah . Lalu ia berkata kepada Rasulullah , ""Wahai Rasulullah, kami menganggap bahwa Salim masih anak-anak, sedangkan dia bebas masuk kepadaku dan aku sendiri orang yang tidak mampu, aku tidak mempunyai kecuali hanya sebuah rumah. Maka, bagaimanakah sebaiknya menurutmu mengenai dia?"" Menurut berita yang sampai kepada kami, Nabi SAW bersabda demikian, ""Susukanlah dia sebanyak 5 kali menyusu, dia akan menjadi mahram berkat air susu itu."" Maka Sahlah melakukan hal tersebut, sejak saat itu Sahlah menganggap Salim sebagai anak susuannya, dan Aisyah mengambil ketentuan tersebut terhadap kaum lelaki yang ia sukai boleh masuk menemuinya. Dan, ia menganjurkan kepada saudara perempuannya —Ummu Kaltsum— serta anak-anak perempuan saudaranya agar mau menyusukan orang yang disukai untuk masuk menemuinya dari kalangan kaum laki-laki dan kaum wanita, sedangkan para istri Nabi  menolak bila seseorang boleh masuk menemui mereka karena faktor menyusukan seperti itu. Mereka berkata, ""Kami tidak lain berpandangan terhadap apa yang diperintahkan oleh Rasulullah  kepada Sahlah binti Suhail hanyalah rukhshah semata terhadap Salim dari beliau sendiri. Tetapi tidak boleh ada seorang pun masuk menemui kami lantaran penyusuan seperti itu."" Berdasarkan hal tersebut disebutkan di dalam hadis bahwa istri Nabi  ada yang melakukan penyusuan terhadap anak yang sudah besar. 694"
1469;Musnad Syafi'i 1469;"Aisyah menjawab. ""Daging itu berasal dari zakat yang diberikan kepada Barirah."" Nabi  bersabda, ""Daging itu adalah zakat baginya, tetapi bagi kami adalah hadiah.""699"
1470;Musnad Syafi'i 1470;"Lakukanlah semua yang dikerjakan oleh jamaah haji, hanya saja janganlah engkau berthawaf di Baitullah sebelum bersuci.""700"
1471;Musnad Syafi'i 1471;"Sesungguhnya aku seringkali dalam keadaan tidak suci, apakah aku harus meninggalkan shalat?"" Rasulullah menjawab, ""Sesungguhnya hal itu hanyalah darah penyakit (keputihan) dan bukan darah haid. Karena itu apabila masa haidmu datang, tinggalkanlah shalatmu; dan apabila kebiasaan masa haidmu telah berlalu, maka cucilah darahmu (yakni mandi jinabahlah kamu), kemudian shalatlah.""701"
1473;Musnad Syafi'i 1473;"Hendaklah ia memperhatikan bilangan hari-hari yang ia biasa haid setiap bulannya sebelum ia mengalami hal tersebut. Kemudian hendaklah ia meninggalkan shalat selama masa tersebut setiap bulannya. Apabila masa itu telah lewat, hendaklah ia mandi dan memakai penyumbat kain, lalu shalat.""703"
1501;Musnad Syafi'i 1501;"Barangsiapa yang mengganti agamanya (murtad), maka pancunglah lehernya oleh kalian.""731"
1502;Musnad Syafi'i 1502;"Apakah ada berita baru dari kalian?"" Lelaki itu menjawab, ""Ya, ada seorang lelaki yang kafir sesudah Islam."" Umar bertanya, ""Apakah yang kalian lakukan terhadapnya?"" Lelaki itu menjawab, ""Kami ajukan dia ke pengadilan, lalu kami pancung lehernya."" Maka Umar  berkata, ""Mengapa tidak kalian penjarakan dia selama 3 hari, lalu kalian beri dia makan raghib (roti kering) dan kalian suruh dia untuk bertobat, barangkali dia mau bertobat dan kembali pada perintah Allah. Ya Allah, sesungguhnya aku tidak akan menghadirinya serta tidak memerintahkannya, dan aku tidak rela ketika berita ini sampai kepadaku.""732"
1547;Musnad Syafi'i 1547;"Tidak ada potong tangan karena buah-buahan, tidak pula karena mengambil dari pohonnya.""777"
1549;Musnad Syafi'i 1549;"Barangsiapa yang tidak berhijrah, maka dia akan binasa."" Maka Shafwan tiba di Madinah (berhijrah), lalu ia tidur di dalam masjid dengan berbantalkan kain selendangnya. Datanglah seorang pencuri, lalu mengambil kain selendang dari bawah kepalanya, tetapi ia dapat menangkap si pencuri itu dan membawanya kepada Nabi . Maka, Rasulullah memerintahkan agar si pencuri dihukum, lalu dipotong tangannya. Shafwan berkata, ""Sesungguhnya aku tidak bermaksud demikian. Yang kumaksudkan, kain selendang itu kusedekahkan kepadanya."" Maka Nabi  bersabda, ""Mengapa kamu tidak melakukannya sebelum kamu membawanya kepadaku?"""
1552;Musnad Syafi'i 1552;"Hukuman potong tangan itu karena mencuri seperempat dinar hingga lebih."" 782"
1553;Musnad Syafi'i 1553;"Demi ayahmu, malam harimu bukanlah malam hari seorang pencuri (maksudnya kamu tidak pantas menjadi pencuri)."" Tetapi ternyata mereka (keluarga Abu Bakar) kehilangan sebuah perhiasan milik Asma binti Umais, istri Abu Bakar, lalu lelaki itu ikut berkeliling (mencari) bersama mereka (keluarga Abu Bakar) dan berkata, ""Ya Allah, semoga Engkau menemukan orang yang mencuri barang keluarga yang shaleh ini."" Ternyata mereka menemukan perhiasan itu di tempat seorang tukang emas, (dan ia mengaku) bahwa yang datang membawanya ialah lelaki yang buntung tangan dan kakinya. Lelaki buntung itu mengakui perbuatannya atau ada saksi yang memberatkannya. Maka Abu Bakar  memerintahkan agar dia dihukum, lalu tangan kirinya dipotong, dan Abu Bakar berkata, ""Demi Allah, sesungguhnya doanya terhadap dirinya lebih berat terasa olehku daripada perbuatan mencurinya.""783"
1555;Musnad Syafi'i 1555;"Hukuman rajam di dalam Kitabullah adalah hak atas orang yang berbuat zina dari kalangan kaum laki-laki dan wanita bila muhshan, yaitu: Jika ada bukti terhadapnya, atau ada kandungan atau pengakuan."""
1560;Musnad Syafi'i 1560;"Kami mau menjualnya kepadamu dengan syarat wala'nya tetap bagi kami."" Lalu Aisyah menceritakan hal tersebut kepada Rasulullah , maka beliau bersabda, ""Hal tersebut tidaklah mencegahmu, karena sesungguhnya hak wala itu hanya bagi orang yang memerdekakan.""789"
1561;Musnad Syafi'i 1561;"Lalu Barirah menceritakan hal itu kepada tuannya, dan mereka menjawab, ""Tidak mau, kecuali bila walamu tetap bagi kami."" Imam Malik menceritakan, ""Yahya mengatakan bahwa Amrah menduga Aisyah  menceritakan hal itu kepada Rasulullah , maka beliau bersabda, 'Hal itu tidak menghambatmu. Belilah dia (Barirah), lalu merdekakanlah, karena sesungguhnya hak wala itu hanya bagi orang yang memerdekakan'. ""790"
1564;Musnad Syafi'i 1564;"Barangsiapa bernadzar untuk taat kepada Allah, hendaklah ia taat kepada-Nya; dan barangsiapa bernadzar untuk durhaka kepada Allah, maka janganlah ia durhaka kepada-Nya.""793"
1583;Musnad Syafi'i 1583;"Apakah bagian depan mulut disamakan dengan bagian dalamnya?"" Ibnu Abbas  menjawab, ""Seandainya kamu mempertimbangkan hal tersebut hanya dengan masalah jari-jari tangan."" Yakni, diyatnya sama saja. 811 Asy-Syafi'i berkata, ""Atsar ini termasuk salah satu dalil yang menunjukkan kepadamu bahwa kedua bibir diyatnya sama saja."" Dalam atsar lain disebutkan pula masalah diyat kedua bibir, berbeda dengan atsar ini."
1624;Musnad Syafi'i 1624;"Mandikanlah dia sebanyak 3 atau 5 kali atau lebih banyak lagi -jika hal itu diperlukan menurut kalian- dengan air dan daun sidr, serta campurkanlah kapur atau sedikit kapur pada siraman yang terakhir ""851"
1640;Musnad Syafi'i 1640;"Apabila ia telah mati. beritahukanlah hal itu kepadaku."" Maka, jenazahnya dikubur di malam hari dan mereka merasa segan untuk membangunkan Rasulullah . Ketika pagi hari, Rasulullah SAW diberi tahu tentang kematian wanita miskin itu, maka beliau bersabda, ""Bukankah aku telah perintahkan kepada kalian agar memberitahuku perihalnya?"" Mereka berkata, ""Wahai Rasulullah, kami merasa segan untuk membangunkanmu di malam hari,"" Lalu Rasulullah  keluar dan mengatur shaf orang-orang di dekat kuburan wanita miskin itu, selanjutnya beliau bertakbir sebanyak 4 kali. 867"
1660;Musnad Syafi'i 1660;"Aku pernah melarang kalian ziarah kubur, maka sekarang berziarahlah kalian, dan janganlah kalian mengatakan hal- hal yang dilarang.""887"
1664;Musnad Syafi'i 1664;"Bahwa Rasulullah  (pada mulanya) berdiri dalam masalah jenazah, kemudian beliau duduk."" 891"
1666;Musnad Syafi'i 1666;"Kami tidak dapat berbuat apa-apa terhadap dirimu, hai Abu Rabi!"" Maka, kalangan wanita dari keluarganya menjerit dan menangis, lalu Ibnu Atik sibuk mendiamkan mereka, dan Rasulullah  bersabda, ""Biarkanlah mereka. Tetapi apabila ia telah mati, jangan sekali-kali ada seorang wanita pun yang menangis."" Ibnu Atik bertanya, ""Apakah yang dimaksud dengan istilah al wujud itu, wahai Rasulullah?"" Beliau menjawab, ""Bila telah mati.'893"
1669;Musnad Syafi'i 1669;"Sesungguhnya hal ini tidak terdapat di Tanah Irak, aku merasa yakin terhadap dirimu bahwa kamu pasti akan menanyakannya kepadaku dan aku akan menjawabnya."" Kemudian Ali  berkata, ""Aku adalah Abu Al Hasan. Jika lelaki itu tidak dapat mendatangkan 4 orang saksi, maka hendaklah ia diqishash dalam keadaan terikat."" 896"
1672;Musnad Syafi'i 1672;"Terkutuklah lelaki dan wanita pencuri kain kafan (dengan menggali kuburan).""899

Muhammad bin Idris Asy-Syafi'i mengatakan, ""Aku telah meriwayatkan hadis-hadis mursal dari Nabi SAW mengenai hukuman-hukuman dan pembelaannya. Kami meninggalkannya karena semuanya berpredikat maqthu'."""
1703;Musnad Syafi'i 1703;"Rasulullah  mengambil posisi dengan menjadikan sebuah tiang berada di sebelah kanannya, 2 buah tiang berada di sebelah kirinya, dan 3 buah tiang berada di belakangnya, kemudian beliau shalat."" Bilal melanjutkan kisahnya, ""Pada saat itu Baitullah bertopang pada 6 buah tiang."" 930"
1745;Musnad Syafi'i 1745;"Wahai Rasulullah, bagaimanakah menurutmu jika aku menemukan istriku bersama seorang lelaki, apakah aku menangguhkannya hingga aku mendatangkan empat orang saksi?"" lalu Rasulullah SAW menjawab, ""Ya.""972"
1748;Musnad Syafi'i 1748;"Semua hewan pemangsa yang bertaring adalah haram.""975"
1756;Musnad Syafi'i 1756;"Barangsiapa yang menahan kelebihan air untuk menghambat tumbuhnya tetumbuhan, niscaya Allah akan menahan kelebihan rahmat-Nya terhadap orang itu kelak di hari Kiamat."" 983"
1757;Musnad Syafi'i 1757;"Barangsiapa menghidupkan tanah yang mati, maka tanah itu adalah untuknya, dan tidak ada hak bagi orang yang aniaya (ingin menguasai tanpa hak).""984"
1763;Musnad Syafi'i 1763;"Karena itu, kami tinggalkan bagian kami yang ada di Sya'b."" 989"
1783;Musnad Syafi'i 1783;"Salat malam hari adalah dua rakaat-dua rakaat. Maka apabila seseorang dari kalian merasa khawatir terhadap subuh, hendaklah ia shalat satu rakaat sebagai witir baginya dari semua shalat yang telah dilakukannya."" 1007"
